customer_id,TopProduct_1,TopProduct_2,TopProduct_3
12347,21977,21212,21080
12348,21212,21080,21977
12349,22197,21754,22178
12352,84879,85123A,22178
12353,85123A,21754,22178
12354,84991,21977,21212
12356,21977,21212,21080
12357,85123A,21754,22178
12358,85123A,21754,22178
12359,21232,85099B,85099C
12360,84991,21977,21212
12361,20727,20724,22355
12362,20727,85099C,20724
12363,21977,21080,84991
12364,21977,84991,21212
12366,22197,21754,22178
12368,21754,21232,84879
12369,22197,21754,22178
12370,22178,21754,22197
12371,85123A,21754,22178
12373,20727,85099C,22355
12374,85099C,22355,85123A
12375,20724,21931,20726
12376,20914,20725,21232
12377,21977,84991,84879
12378,21977,84991,20914
12379,21977,84991,20914
12380,20725,85099C,20914
12383,21977,84991,20914
12385,85099C,20724,21232
12387,21754,22178,85099B
12390,21977,84991,20914
12391,22178,84879,21232
12393,84991,21080,20724
12395,84991,21080,21790
12396,84879,22178,21790
12397,20728,20727,22355
12399,21977,21080,20914
12400,21754,22178,20727
12405,21212,21080,21977
12406,21754,85123A,22178
12407,84991,21080,21790
12408,22355,21931,85099C
12409,20914,22355,21232
12411,20724,21931,20726
12413,20914,20725,85099C
12414,84991,21212,21080
12415,84991,21977,21080
12417,21977,84991,21212
12418,22178,84879,21232
12419,21754,21232,84879
12421,21977,21212,21080
12422,20728,20727,22355
12423,22197,21754,22178
12424,21977,84991,21080
12425,21977,84991,21790
12428,21977,84991,21212
12429,84991,21754,21080
12431,84991,21080,21790
12433,21977,21212,84991
12434,85099C,21931,85123A
12435,85099B,85123A,85099C
12437,84991,21790,21977
12438,85123A,21754,22178
12439,22197,21754,22178
12443,21754,85123A,22178
12444,22197,21754,22178
12445,22178,21232,21754
12447,85099C,21931,85123A
12449,84991,21977,22355
12450,22355,20728,20727
12451,21977,20914,84991
12455,84991,84879,22178
12456,22197,21754,22178
12458,20727,20726,20724
12461,22197,21754,22178
12462,85123A,22178,21754
12463,21754,85123A,20727
12465,21977,84991,21790
12468,20725,20914,21212
12470,22178,21754,21931
12471,21977,84991,21754
12472,21977,84991,20914
12473,22197,20914,20727
12474,21977,84991,20725
12476,22197,21754,22178
12477,21977,84991,20914
12480,84991,21790,21977
12481,22197,22178,21790
12482,21977,20728,21080
12483,20728,20914,20727
12484,20726,21931,20728
12485,20914,20725,21212
12486,20724,21931,20726
12490,84879,21977,20914
12492,21977,84991,21080
12493,20727,85123A,20726
12494,20728,20727,22355
12499,85099C,22355,21931
12500,21931,85099C,85123A
12501,21977,84991,21790
12502,85123A,85099C,21754
12504,21212,21080,21977
12505,20728,21080,20724
12507,21212,21080,21977
12509,20724,21931,20726
12510,85099C,20914,20726
12511,85123A,21754,22197
12513,20728,20725,20727
12514,20727,20726,21931
12515,84991,21212,21080
12516,20914,85099C,84991
12517,21080,20727,20724
12519,85123A,21754,22178
12520,84991,21977,21790
12521,85099B,85123A,85099C
12523,22197,21754,22178
12524,20727,20728,20726
12525,85099C,22355,20728
12527,21080,21977,84991
12528,21977,21080,20914
12529,21977,84991,20914
12530,20727,22355,85099C
12531,21977,20914,84991
12533,21754,21232,84879
12534,84991,21212,22197
12535,84991,21977,21212
12537,22178,21232,21754
12539,22197,21212,84991
12540,22197,21977,84991
12541,84879,21977,84991
12542,84991,21080,21790
12543,84991,21080,21790
12545,84879,21232,20724
12547,84991,21977,21212
12549,21977,21080,84991
12551,21931,85099C,85123A
12553,85099C,20914,20725
12554,21754,22178,85099B
12556,84879,22178,21790
12557,20726,20727,85123A
12561,84991,21977,21212
12562,85099C,20727,22355
12566,85123A,21754,22178
12567,21977,21080,21212
12569,85123A,21754,22178
12571,84991,21977,21212
12573,22178,22197,21754
12575,84991,21977,21212
12576,22197,21754,22178
12577,21754,22178,21977
12578,20728,21080,20724
12580,20726,21931,85123A
12582,21977,84991,21080
12583,21977,84991,21790
12584,84879,22178,21790
12585,22197,21977,21080
12586,84879,22178,21232
12588,21977,21080,84991
12589,21212,21232,21080
12590,20728,20727,22355
12591,21977,21080,84991
12592,20728,22355,20727
12593,20728,20725,22355
12594,20727,20726,20725
12596,84879,21232,20724
12597,21080,21977,84991
12598,20914,20728,22355
12599,21977,84991,20914
12600,22197,85099C,21931
12604,21977,21080,20914
12605,22197,21977,84991
12608,22197,21754,22178
12609,20727,20724,20725
12610,21977,84991,84879
12613,21977,85099C,84991
12615,22197,20914,21977
12619,84991,21080,21790
12620,20727,22355,20728
12621,85099C,20727,22355
12622,84879,21232,20724
12623,20725,20727,85099C
12624,21977,84991,20914
12625,21977,84991,20914
12626,85099C,21232,21754
12627,20728,20727,20726
12629,21977,84991,20914
12631,21977,84991,20914
12633,21977,84991,20914
12634,84991,21080,21790
12635,21977,21080,20914
12637,20725,20727,84991
12638,85123A,84879,21754
12639,20727,20726,20724
12641,84991,21212,21080
12643,21977,84991,21080
12644,21977,84991,21080
12645,20725,84991,20914
12647,21977,20724,84991
12649,21977,84991,21080
12651,84991,21977,21212
12652,21977,84991,21790
12653,20914,21977,84991
12655,20727,20726,20725
12656,84991,21080,20724
12657,21977,84991,21080
12661,84991,21080,21790
12662,20727,20728,20724
12663,21977,21212,21080
12665,85123A,21754,22178
12668,21977,21080,21754
12669,21977,21080,84991
12670,20728,20727,22355
12672,85099C,21931,85123A
12673,84991,21080,84879
12675,22178,84879,21754
12676,84991,21080,21790
12677,85099C,22355,20728
12678,21977,20914,21212
12679,85123A,21754,22178
12681,22197,84991,20914
12682,21977,21080,21212
12683,21977,84991,21212
12685,20727,20728,22355
12687,21977,21080,84991
12688,21790,84991,22355
12694,84991,21977,21790
12695,21977,84991,21080
12696,21977,20914,84991
12698,21754,21232,84879
12699,21754,22178,85099B
12700,22197,20914,21977
12701,21977,84991,21790
12704,20914,20727,20728
12705,20914,20725,21977
12708,85123A,22197,85099B
12709,21977,84991,84879
12710,21977,84991,84879
12711,84879,22178,21790
12712,84991,21977,21212
12714,21212,21080,84991
12715,85099C,22355,21931
12716,21977,84991,21080
12720,21977,20914,84991
12721,21977,84991,20914
12722,22178,21232,21754
12724,20727,85099C,21931
12725,21977,84991,20914
12726,21977,84991,20914
12727,84991,21212,84879
12728,21977,84991,84879
12729,21790,22355,20914
12731,22197,21754,22178
12734,85123A,21754,22178
12735,21977,84991,20914
12736,21977,84991,21080
12738,21977,21080,84991
12739,21754,21232,84879
12742,21080,21977,84991
12743,22197,21754,22178
12744,22178,84879,21790
12745,21212,85123A,21080
12746,20728,20726,85123A
12747,22197,22178,21931
12748,22197,22178,21754
12749,84991,21212,22197
12751,22197,22178,21754
12752,85099C,20914,84879
12753,20914,21212,21977
12755,85099C,20724,20725
12757,85099C,20727,22355
12758,20727,20914,22355
12759,84991,21790,84879
12761,20726,20727,20728
12763,84991,21977,21212
12764,84879,22178,21790
12766,84991,22355,20914
12768,85099C,20724,20725
12770,20727,84991,21977
12774,22178,21232,21754
12775,22178,21232,21754
12776,20724,21931,20726
12777,21790,20914,20725
12778,21977,21080,84991
12779,85123A,21754,22178
12782,21977,21080,20914
12783,22197,21754,22178
12784,21977,84991,20914
12785,85099C,20727,85123A
12788,20728,20727,20726
12790,22197,21754,22178
12791,22197,21754,22178
12792,22197,21754,22178
12793,20727,21931,85099C
12794,21977,21212,21080
12796,85099C,21931,85123A
12798,21754,22178,85099B
12800,22197,22178,21754
12802,84991,21212,21080
12803,85123A,22197,85099B
12805,84991,21977,21212
12806,85099C,20728,22355
12807,21977,84991,21080
12808,20727,85099C,22355
12809,21977,84991,21080
12811,20727,85099C,20726
12813,22178,21232,21754
12817,22197,21754,22178
12819,22178,21232,21754
12820,21212,21977,21080
12821,22178,21232,21754
12822,20727,20726,20724
12825,22178,21232,21754
12826,84991,20725,21977
12830,21754,22178,85099B
12832,84879,21754,22178
12833,22197,21754,22178
12835,85123A,21754,85099C
12836,22197,22178,21754
12837,22178,21232,21754
12838,84991,21080,21790
12839,85099C,85099B,21931
12840,20727,20728,20726
12841,21977,21080,20914
12842,22197,22178,21754
12843,21931,21232,20914
12844,84991,84879,21790
12845,21977,84991,21754
12847,85123A,21754,20724
12848,22178,21232,21754
12849,22197,21754,22178
12851,85099B,21931,85123A
12852,21754,21232,84879
12853,21080,21977,21212
12854,22197,21754,22178
12855,22197,21754,22178
12857,85099C,84879,21232
12858,85099C,21931,85123A
12859,85099C,21931,85123A
12862,20727,20726,20724
12863,84879,21232,20724
12865,21977,84991,21080
12866,21977,84991,21790
12867,22197,21754,85099C
12868,22197,21977,84991
12869,22178,21232,21931
12870,22197,21754,22178
12871,22178,21232,21754
12872,22197,84879,22178
12873,22197,22178,21754
12876,21212,21080,21977
12877,21931,85099C,20726
12878,21977,84991,20914
12880,20727,20728,22355
12883,21754,21232,84879
12884,85099C,21931,85123A
12885,21977,21212,21080
12886,22178,21754,21232
12890,22178,21232,85123A
12892,22197,22178,21754
12895,84991,21080,21790
12901,84991,21212,21080
12902,85123A,22197,85099B
12903,22178,21232,21754
12905,21977,21212,21080
12906,22197,21754,22178
12907,21232,84991,21977
12909,21977,84991,20914
12910,21754,22178,20728
12911,21977,21754,84991
12913,22197,22178,84879
12915,21977,21212,20914
12916,22178,21232,21931
12921,22197,21080,21977
12922,84991,21977,21212
12923,84991,21977,21212
12925,85099C,21754,22178
12926,22178,21754,21232
12928,85123A,85099C,22355
12930,22197,21754,22178
12931,22197,21754,22178
12932,84991,21977,21790
12933,84879,85099B,85123A
12935,21977,21080,84991
12937,22178,21931,21232
12939,85099C,21931,85123A
12940,22197,22178,21754
12941,84879,22178,21790
12942,22197,21754,22178
12944,21754,22178,85099B
12945,21977,84991,21080
12947,20728,20727,20726
12948,20728,20727,22355
12949,21977,21080,84991
12951,21977,84991,21790
12952,84991,21212,21080
12953,21212,21080,21977
12955,22197,21754,22178
12956,22197,84991,21977
12957,21977,21080,22197
12958,20728,21080,20724
12959,85099B,85123A,85099C
12960,20724,21931,20726
12961,84991,21080,21790
12962,20727,20728,22355
12963,85099C,20724,20725
12965,84879,22178,21790
12967,84991,21977,21212
12969,84991,21212,21080
12970,22197,21754,22178
12971,21977,21080,84991
12972,21977,21080,20914
12975,22197,22178,85123A
12976,20728,20727,20724
12977,21232,21931,85099B
12978,22197,22178,21754
12979,20727,20728,22355
12982,85123A,21754,84879
12983,21977,21080,84991
12986,21977,84991,21080
12987,22178,85123A,22197
12988,22197,21754,22178
12990,85099C,85123A,22355
12991,84879,21977,84991
12993,20727,20724,22355
12994,84991,21212,21080
12996,84879,22178,21790
12997,22178,85123A,21754
12998,21754,22178,85123A
12999,21754,22178,85099B
13000,22178,21232,21754
13001,22197,85123A,84991
13003,85123A,22178,21754
13004,21977,84991,21080
13005,22178,21790,22355
13007,22178,21232,21754
13008,20727,20725,22355
13009,85099C,85123A,22355
13012,21754,22178,85123A
13013,21977,84991,21212
13014,21977,21080,21790
13015,21080,21977,84991
13016,21212,21080,21977
13018,84991,21080,21790
13020,20728,20726,85123A
13021,85123A,22355,85099C
13023,84879,21232,20724
13024,84879,22178,21790
13026,85123A,22197,85099B
13027,21977,21080,84991
13029,20726,20728,20727
13030,85099B,85123A,22355
13031,21080,21977,84991
13032,21790,21212,20727
13033,21931,85099C,85123A
13034,22197,21754,22178
13037,21977,22197,21754
13039,20728,85123A,22178
13041,22178,21232,21754
13042,20728,20725,22355
13044,21977,21232,21212
13045,85099C,21931,85123A
13046,22197,21754,22178
13047,22197,22178,21754
13048,21931,20726,22355
13049,85123A,22197,85099B
13050,22197,85123A,20727
13051,85123A,22197,85099B
13052,22178,22197,21931
13055,21977,21212,20914
13056,22178,21232,84879
13057,85123A,21754,22178
13059,84879,22178,21232
13060,22178,21232,21754
13061,20727,20726,20725
13064,22178,21232,21754
13065,22197,22178,21754
13067,22178,21232,21931
13068,85099B,21931,85123A
13069,84991,21080,20914
13070,85099C,21232,85123A
13073,21977,84991,20914
13074,21232,85099B,85123A
13077,85123A,21754,22178
13078,22197,21754,22178
13079,22178,21232,21754
13080,84991,21212,21080
13081,21977,84991,21080
13082,85123A,22197,85099B
13085,21754,22178,85123A
13086,22178,21232,21754
13087,22178,21232,21754
13089,22197,22178,21754
13090,22197,22178,21754
13092,84879,22178,21790
13093,22197,21754,84879
13094,22178,21232,21754
13097,21754,22178,84991
13098,85099C,21931,84879
13101,22178,21232,21754
13102,20724,20725,20726
13103,20724,20725,20726
13105,20724,20725,20726
13107,20724,20725,20726
13108,20724,20725,20726
13109,20724,20725,20726
13110,20724,20725,20726
13111,20724,20725,20726
13112,20724,20725,20726
13113,20724,20725,20726
13115,20724,20725,20726
13116,20724,20725,20726
13117,20724,20725,20726
13118,20724,20725,20726
13121,20724,20725,20726
13122,20724,20725,20726
13123,20724,20725,20726
13124,20724,20725,20726
13126,20724,20725,20726
13127,20724,20725,20726
13131,20724,20725,20726
13134,20724,20725,20726
13135,20724,20725,20726
13136,20724,20725,20726
13137,20724,20725,20726
13138,20724,20725,20726
13139,20724,20725,20726
13140,20724,20725,20726
13141,20724,20725,20726
13148,20724,20725,20726
13149,20724,20725,20726
13151,20724,20725,20726
13152,20724,20725,20726
13154,20724,20725,20726
13155,20724,20725,20726
13156,20724,20725,20726
13157,20724,20725,20726
13158,20724,20725,20726
13159,20724,20725,20726
13161,20724,20725,20726
13162,20724,20725,20726
13166,20724,20725,20726
13167,20724,20725,20726
13168,20724,20725,20726
13173,20724,20725,20726
13174,20724,20725,20726
13175,20724,20725,20726
13178,20724,20725,20726
13183,20724,20725,20726
13186,20724,20725,20726
13187,20724,20725,20726
13190,20724,20725,20726
13192,20724,20725,20726
13195,20724,20725,20726
13196,20724,20725,20726
13198,20724,20725,20726
13201,20724,20725,20726
13202,20724,20725,20726
13203,20724,20725,20726
13204,20724,20725,20726
13206,20724,20725,20726
13208,20724,20725,20726
13209,20724,20725,20726
13210,20724,20725,20726
13211,20724,20725,20726
13213,20724,20725,20726
13214,20724,20725,20726
13216,20724,20725,20726
13220,20724,20725,20726
13224,20724,20725,20726
13225,20724,20725,20726
13227,20724,20725,20726
13228,20724,20725,20726
13229,20724,20725,20726
13230,20724,20725,20726
13232,20724,20725,20726
13234,20724,20725,20726
13235,20724,20725,20726
13236,20724,20725,20726
13237,20724,20725,20726
13238,20724,20725,20726
13239,20724,20725,20726
13240,20724,20725,20726
13241,20724,20725,20726
13242,20724,20725,20726
13243,20724,20725,20726
13245,20724,20725,20726
13246,20724,20725,20726
13249,20724,20725,20726
13250,20724,20725,20726
13251,20724,20725,20726
13252,20724,20725,20726
13255,20724,20725,20726
13258,20724,20725,20726
13259,20724,20725,20726
13262,20724,20725,20726
13263,20724,20725,20726
13264,20724,20725,20726
13265,20724,20725,20726
13266,20724,20725,20726
13267,20724,20725,20726
13268,20724,20725,20726
13269,20724,20725,20726
13274,20724,20725,20726
13275,20724,20725,20726
13276,20724,20725,20726
13277,20724,20725,20726
13278,20724,20725,20726
13280,20724,20725,20726
13281,20724,20725,20726
13283,20724,20725,20726
13284,20724,20725,20726
13285,20724,20725,20726
13287,20724,20725,20726
13288,20724,20725,20726
13289,20724,20725,20726
13291,20724,20725,20726
13292,20724,20725,20726
13293,20724,20725,20726
13294,20724,20725,20726
13295,20724,20725,20726
13296,20724,20725,20726
13297,20724,20725,20726
13300,20724,20725,20726
13303,20724,20725,20726
13304,20724,20725,20726
13305,20724,20725,20726
13307,20724,20725,20726
13308,20724,20725,20726
13309,20724,20725,20726
13310,20724,20725,20726
13313,20724,20725,20726
13314,20724,20725,20726
13315,20724,20725,20726
13316,20724,20725,20726
13317,20724,20725,20726
13319,20724,20725,20726
13320,20724,20725,20726
13321,20724,20725,20726
13324,20724,20725,20726
13326,20724,20725,20726
13327,20724,20725,20726
13328,20724,20725,20726
13329,20724,20725,20726
13330,20724,20725,20726
13333,20724,20725,20726
13334,20724,20725,20726
13336,20724,20725,20726
13337,20724,20725,20726
13338,20724,20725,20726
13339,20724,20725,20726
13340,20724,20725,20726
13341,20724,20725,20726
13344,20724,20725,20726
13345,20724,20725,20726
13346,20724,20725,20726
13354,20724,20725,20726
13355,20724,20725,20726
13356,20724,20725,20726
13357,20724,20725,20726
13358,20724,20725,20726
13359,20724,20725,20726
13360,20724,20725,20726
13363,20724,20725,20726
13365,20724,20725,20726
13368,20724,20725,20726
13369,20724,20725,20726
13370,20724,20725,20726
13371,20724,20725,20726
13373,20724,20725,20726
13374,20724,20725,20726
13375,20724,20725,20726
13376,20724,20725,20726
13377,20724,20725,20726
13379,20724,20725,20726
13380,20724,20725,20726
13381,20724,20725,20726
13382,20724,20725,20726
13383,20724,20725,20726
13384,20724,20725,20726
13385,20724,20725,20726
13386,20724,20725,20726
13387,20724,20725,20726
13388,20724,20725,20726
13390,20724,20725,20726
13394,20724,20725,20726
13395,20724,20725,20726
13396,20724,20725,20726
13397,20724,20725,20726
13398,20724,20725,20726
13400,20724,20725,20726
13402,20724,20725,20726
13407,20724,20725,20726
13408,20724,20725,20726
13410,20724,20725,20726
13411,20724,20725,20726
13412,20724,20725,20726
13413,20724,20725,20726
13414,20724,20725,20726
13417,20724,20725,20726
13418,20724,20725,20726
13421,20724,20725,20726
13423,20724,20725,20726
13424,20724,20725,20726
13425,20724,20725,20726
13426,20724,20725,20726
13427,20724,20725,20726
13428,20724,20725,20726
13431,20724,20725,20726
13432,20724,20725,20726
13433,20724,20725,20726
13435,20724,20725,20726
13437,20724,20725,20726
13439,20724,20725,20726
13440,20724,20725,20726
13441,20724,20725,20726
13442,20724,20725,20726
13443,20724,20725,20726
13445,20724,20725,20726
13446,20724,20725,20726
13448,20724,20725,20726
13450,20724,20725,20726
13451,20724,20725,20726
13454,20724,20725,20726
13455,20724,20725,20726
13457,20724,20725,20726
13458,20724,20725,20726
13461,20724,20725,20726
13462,20724,20725,20726
13464,20724,20725,20726
13465,20724,20725,20726
13466,20724,20725,20726
13468,20724,20725,20726
13469,20724,20725,20726
13470,20724,20725,20726
13472,20724,20725,20726
13473,20724,20725,20726
13474,20724,20725,20726
13475,20724,20725,20726
13476,20724,20725,20726
13477,20724,20725,20726
13478,20724,20725,20726
13479,20724,20725,20726
13480,20724,20725,20726
13481,20724,20725,20726
13482,20724,20725,20726
13484,20724,20725,20726
13485,20724,20725,20726
13486,20724,20725,20726
13487,20724,20725,20726
13488,20724,20725,20726
13491,20724,20725,20726
13492,20724,20725,20726
13494,20724,20725,20726
13495,20724,20725,20726
13496,20724,20725,20726
13497,20724,20725,20726
13499,20724,20725,20726
13500,20724,20725,20726
13501,20724,20725,20726
13502,20724,20725,20726
13503,20724,20725,20726
13505,20724,20725,20726
13506,20724,20725,20726
13507,20724,20725,20726
13508,20724,20725,20726
13509,20724,20725,20726
13510,20724,20725,20726
13511,20724,20725,20726
13512,20724,20725,20726
13513,20724,20725,20726
13514,20724,20725,20726
13515,20724,20725,20726
13516,20724,20725,20726
13517,20724,20725,20726
13518,20724,20725,20726
13519,20724,20725,20726
13520,20724,20725,20726
13523,20724,20725,20726
13524,20724,20725,20726
13525,20724,20725,20726
13527,20724,20725,20726
13530,20724,20725,20726
13531,20724,20725,20726
13533,20724,20725,20726
13534,20724,20725,20726
13537,20724,20725,20726
13538,20724,20725,20726
13539,20724,20725,20726
13540,20724,20725,20726
13541,20724,20725,20726
13542,20724,20725,20726
13543,20724,20725,20726
13544,20724,20725,20726
13545,20724,20725,20726
13546,20724,20725,20726
13547,20724,20725,20726
13548,20724,20725,20726
13549,20724,20725,20726
13550,20724,20725,20726
13552,20724,20725,20726
13553,20724,20725,20726
13554,20724,20725,20726
13555,20724,20725,20726
13556,20724,20725,20726
13557,20724,20725,20726
13561,20724,20725,20726
13562,20724,20725,20726
13563,20724,20725,20726
13564,20724,20725,20726
13565,20724,20725,20726
13566,20724,20725,20726
13567,20724,20725,20726
13568,20724,20725,20726
13569,20724,20725,20726
13570,20724,20725,20726
13571,20724,20725,20726
13573,20724,20725,20726
13574,20724,20725,20726
13575,20724,20725,20726
13576,20724,20725,20726
13577,20724,20725,20726
13579,20724,20725,20726
13581,20724,20725,20726
13583,20724,20725,20726
13584,20724,20725,20726
13585,20724,20725,20726
13587,20724,20725,20726
13588,20724,20725,20726
13589,20724,20725,20726
13590,20724,20725,20726
13591,20724,20725,20726
13593,20724,20725,20726
13595,20724,20725,20726
13597,20724,20725,20726
13598,20724,20725,20726
13599,20724,20725,20726
13601,20724,20725,20726
13602,20724,20725,20726
13604,20724,20725,20726
13605,20724,20725,20726
13606,20724,20725,20726
13610,20724,20725,20726
13611,20724,20725,20726
13612,20724,20725,20726
13613,20724,20725,20726
13614,20724,20725,20726
13615,20724,20725,20726
13616,20724,20725,20726
13618,20724,20725,20726
13619,20724,20725,20726
13621,20724,20725,20726
13622,20724,20725,20726
13623,20724,20725,20726
13624,20724,20725,20726
13625,20724,20725,20726
13626,20724,20725,20726
13627,20724,20725,20726
13628,20724,20725,20726
13629,20724,20725,20726
13630,20724,20725,20726
13632,20724,20725,20726
13634,20724,20725,20726
13635,20724,20725,20726
13636,20724,20725,20726
13637,20724,20725,20726
13639,20724,20725,20726
13641,20724,20725,20726
13642,20724,20725,20726
13643,20724,20725,20726
13644,20724,20725,20726
13646,20724,20725,20726
13647,20724,20725,20726
13648,20724,20725,20726
13649,20724,20725,20726
13650,20724,20725,20726
13652,20724,20725,20726
13654,20724,20725,20726
13655,20724,20725,20726
13656,20724,20725,20726
13658,20724,20725,20726
13659,20724,20725,20726
13660,20724,20725,20726
13662,20724,20725,20726
13663,20724,20725,20726
13665,20724,20725,20726
13667,20724,20725,20726
13668,20724,20725,20726
13671,20724,20725,20726
13672,20724,20725,20726
13675,20724,20725,20726
13676,20724,20725,20726
13677,20724,20725,20726
13679,20724,20725,20726
13680,20724,20725,20726
13681,20724,20725,20726
13683,20724,20725,20726
13686,20724,20725,20726
13689,20724,20725,20726
13692,20724,20725,20726
13693,20724,20725,20726
13694,20724,20725,20726
13695,20724,20725,20726
13696,20724,20725,20726
13698,20724,20725,20726
13699,20724,20725,20726
13700,20724,20725,20726
13702,20724,20725,20726
13704,20724,20725,20726
13705,20724,20725,20726
13706,20724,20725,20726
13707,20724,20725,20726
13708,20724,20725,20726
13709,20724,20725,20726
13711,20724,20725,20726
13714,20724,20725,20726
13715,20724,20725,20726
13716,20724,20725,20726
13717,20724,20725,20726
13719,20724,20725,20726
13720,20724,20725,20726
13722,20724,20725,20726
13723,20724,20725,20726
13724,20724,20725,20726
13725,20724,20725,20726
13726,20724,20725,20726
13728,20724,20725,20726
13729,20724,20725,20726
13730,20724,20725,20726
13731,20724,20725,20726
13733,20724,20725,20726
13734,20724,20725,20726
13735,20724,20725,20726
13736,20724,20725,20726
13738,20724,20725,20726
13740,20724,20725,20726
13741,20724,20725,20726
13742,20724,20725,20726
13748,20724,20725,20726
13751,20724,20725,20726
13752,20724,20725,20726
13753,20724,20725,20726
13754,20724,20725,20726
13756,20724,20725,20726
13758,20724,20725,20726
13759,20724,20725,20726
13760,20724,20725,20726
13761,20724,20725,20726
13762,20724,20725,20726
13763,20724,20725,20726
13764,20724,20725,20726
13765,20724,20725,20726
13766,20724,20725,20726
13767,20724,20725,20726
13768,20724,20725,20726
13769,20724,20725,20726
13770,20724,20725,20726
13771,20724,20725,20726
13772,20724,20725,20726
13773,20724,20725,20726
13774,20724,20725,20726
13775,20724,20725,20726
13777,20724,20725,20726
13778,20724,20725,20726
13780,20724,20725,20726
13781,20724,20725,20726
13782,20724,20725,20726
13785,20724,20725,20726
13786,20724,20725,20726
13787,20724,20725,20726
13789,20724,20725,20726
13791,20724,20725,20726
13793,20724,20725,20726
13794,20724,20725,20726
13795,20724,20725,20726
13796,20724,20725,20726
13797,20724,20725,20726
13798,20724,20725,20726
13799,20724,20725,20726
13800,20724,20725,20726
13802,20724,20725,20726
13803,20724,20725,20726
13804,20724,20725,20726
13807,20724,20725,20726
13808,20724,20725,20726
13809,20724,20725,20726
13813,20724,20725,20726
13814,20724,20725,20726
13815,20724,20725,20726
13819,20724,20725,20726
13820,20724,20725,20726
13821,20724,20725,20726
13823,20724,20725,20726
13824,20724,20725,20726
13825,20724,20725,20726
13826,20724,20725,20726
13830,20724,20725,20726
13831,20724,20725,20726
13834,20724,20725,20726
13835,20724,20725,20726
13836,20724,20725,20726
13837,20724,20725,20726
13838,20724,20725,20726
13840,20724,20725,20726
13842,20724,20725,20726
13843,20724,20725,20726
13849,20724,20725,20726
13850,20724,20725,20726
13851,20724,20725,20726
13854,20724,20725,20726
13855,20724,20725,20726
13856,20724,20725,20726
13857,20724,20725,20726
13859,20724,20725,20726
13860,20724,20725,20726
13862,20724,20725,20726
13863,20724,20725,20726
13865,20724,20725,20726
13866,20724,20725,20726
13867,20724,20725,20726
13869,20724,20725,20726
13870,20724,20725,20726
13871,20724,20725,20726
13872,20724,20725,20726
13874,20724,20725,20726
13875,20724,20725,20726
13880,20724,20725,20726
13881,20724,20725,20726
13883,20724,20725,20726
13884,20724,20725,20726
13888,20724,20725,20726
13889,20724,20725,20726
13890,20724,20725,20726
13891,20724,20725,20726
13894,20724,20725,20726
13895,20724,20725,20726
13896,20724,20725,20726
13897,20724,20725,20726
13898,20724,20725,20726
13899,20724,20725,20726
13900,20724,20725,20726
13901,20724,20725,20726
13904,20724,20725,20726
13908,20724,20725,20726
13911,20724,20725,20726
13913,20724,20725,20726
13916,20724,20725,20726
13919,20724,20725,20726
13920,20724,20725,20726
13921,20724,20725,20726
13922,20724,20725,20726
13924,20724,20725,20726
13925,20724,20725,20726
13927,20724,20725,20726
13928,20724,20725,20726
13929,20724,20725,20726
13930,20724,20725,20726
13931,20724,20725,20726
13933,20724,20725,20726
13935,20724,20725,20726
13937,20724,20725,20726
13939,20724,20725,20726
13943,20724,20725,20726
13944,20724,20725,20726
13946,20724,20725,20726
13948,20724,20725,20726
13949,20724,20725,20726
13950,20724,20725,20726
13951,20724,20725,20726
13952,20724,20725,20726
13955,20724,20725,20726
13956,20724,20725,20726
13957,20724,20725,20726
13958,20724,20725,20726
13959,20724,20725,20726
13963,20724,20725,20726
13964,20724,20725,20726
13965,20724,20725,20726
13969,20724,20725,20726
13970,20724,20725,20726
13971,20724,20725,20726
13974,20724,20725,20726
13975,20724,20725,20726
13977,20724,20725,20726
13979,20724,20725,20726
13980,20724,20725,20726
13982,20724,20725,20726
13983,20724,20725,20726
13984,20724,20725,20726
13985,20724,20725,20726
13987,20724,20725,20726
13988,20724,20725,20726
13989,20724,20725,20726
13990,20724,20725,20726
13991,20724,20725,20726
13992,20724,20725,20726
13993,20724,20725,20726
13994,20724,20725,20726
13995,20724,20725,20726
13996,20724,20725,20726
13997,20724,20725,20726
13999,20724,20725,20726
14001,20724,20725,20726
14004,20724,20725,20726
14005,20724,20725,20726
14006,20724,20725,20726
14008,20724,20725,20726
14009,20724,20725,20726
14011,20724,20725,20726
14013,20724,20725,20726
14014,20724,20725,20726
14016,20724,20725,20726
14017,20724,20725,20726
14018,20724,20725,20726
14019,20724,20725,20726
14020,20724,20725,20726
14021,20724,20725,20726
14022,20724,20725,20726
14024,20724,20725,20726
14025,20724,20725,20726
14026,20724,20725,20726
14028,20724,20725,20726
14030,20724,20725,20726
14031,20724,20725,20726
14032,20724,20725,20726
14035,20724,20725,20726
14037,20724,20725,20726
14038,20724,20725,20726
14039,20724,20725,20726
14040,20724,20725,20726
14041,20724,20725,20726
14042,20724,20725,20726
14043,20724,20725,20726
14044,20724,20725,20726
14045,20724,20725,20726
14047,20724,20725,20726
14048,20724,20725,20726
14049,20724,20725,20726
14050,20724,20725,20726
14051,20724,20725,20726
14055,20724,20725,20726
14056,20724,20725,20726
14057,20724,20725,20726
14060,20724,20725,20726
14064,20724,20725,20726
14065,20724,20725,20726
14068,20724,20725,20726
14069,20724,20725,20726
14070,20724,20725,20726
14072,20724,20725,20726
14075,20724,20725,20726
14076,20724,20725,20726
14078,20724,20725,20726
14080,20724,20725,20726
14081,20724,20725,20726
14082,20724,20725,20726
14085,20724,20725,20726
14087,20724,20725,20726
14088,20724,20725,20726
14092,20724,20725,20726
14094,20724,20725,20726
14096,20724,20725,20726
14097,20724,20725,20726
14099,20724,20725,20726
14100,20724,20725,20726
14101,20724,20725,20726
14104,20724,20725,20726
14105,20724,20725,20726
14107,20724,20725,20726
14108,20724,20725,20726
14109,20724,20725,20726
14110,20724,20725,20726
14112,20724,20725,20726
14113,20724,20725,20726
14114,20724,20725,20726
14115,20724,20725,20726
14116,20724,20725,20726
14122,20724,20725,20726
14123,20724,20725,20726
14125,20724,20725,20726
14126,20724,20725,20726
14127,20724,20725,20726
14130,20724,20725,20726
14131,20724,20725,20726
14133,20724,20725,20726
14134,20724,20725,20726
14135,20724,20725,20726
14136,20724,20725,20726
14139,20724,20725,20726
14142,20724,20725,20726
14146,20724,20725,20726
14147,20724,20725,20726
14148,20724,20725,20726
14149,20724,20725,20726
14150,20724,20725,20726
14151,20724,20725,20726
14152,20724,20725,20726
14153,20724,20725,20726
14154,20724,20725,20726
14156,20724,20725,20726
14159,20724,20725,20726
14160,20724,20725,20726
14161,20724,20725,20726
14163,20724,20725,20726
14165,20724,20725,20726
14166,20724,20725,20726
14167,20724,20725,20726
14168,20724,20725,20726
14170,20724,20725,20726
14173,20724,20725,20726
14175,20724,20725,20726
14176,20724,20725,20726
14177,20724,20725,20726
14178,20724,20725,20726
14180,20724,20725,20726
14181,20724,20725,20726
14182,20724,20725,20726
14183,20724,20725,20726
14186,20724,20725,20726
14188,20724,20725,20726
14189,20724,20725,20726
14191,20724,20725,20726
14192,20724,20725,20726
14194,20724,20725,20726
14196,20724,20725,20726
14197,20724,20725,20726
14198,20724,20725,20726
14199,20724,20725,20726
14200,20724,20725,20726
14201,20724,20725,20726
14203,20724,20725,20726
14204,20724,20725,20726
14205,20724,20725,20726
14206,20724,20725,20726
14208,20724,20725,20726
14209,20724,20725,20726
14210,20724,20725,20726
14211,20724,20725,20726
14212,20724,20725,20726
14214,20724,20725,20726
14215,20724,20725,20726
14216,20724,20725,20726
14217,20724,20725,20726
14219,20724,20725,20726
14220,20724,20725,20726
14221,20724,20725,20726
14222,20724,20725,20726
14223,20724,20725,20726
14224,20724,20725,20726
14225,20724,20725,20726
14226,20724,20725,20726
14227,20724,20725,20726
14228,20724,20725,20726
14229,20724,20725,20726
14230,20724,20725,20726
14231,20724,20725,20726
14232,20724,20725,20726
14233,20724,20725,20726
14235,20724,20725,20726
14236,20724,20725,20726
14238,20724,20725,20726
14239,20724,20725,20726
14240,20724,20725,20726
14241,20724,20725,20726
14242,20724,20725,20726
14243,20724,20725,20726
14245,20724,20725,20726
14246,20724,20725,20726
14247,20724,20725,20726
14249,20724,20725,20726
14250,20724,20725,20726
14252,20724,20725,20726
14254,20724,20725,20726
14256,20724,20725,20726
14257,20724,20725,20726
14258,20724,20725,20726
14260,20724,20725,20726
14261,20724,20725,20726
14262,20724,20725,20726
14263,20724,20725,20726
14264,20724,20725,20726
14267,20724,20725,20726
14270,20724,20725,20726
14271,20724,20725,20726
14273,20724,20725,20726
14274,20724,20725,20726
14275,20724,20725,20726
14276,20724,20725,20726
14277,20724,20725,20726
14278,20724,20725,20726
14282,20724,20725,20726
14283,20724,20725,20726
14284,20724,20725,20726
14285,20724,20725,20726
14286,20724,20725,20726
14290,20724,20725,20726
14291,20724,20725,20726
14292,20724,20725,20726
14293,20724,20725,20726
14294,20724,20725,20726
14295,20724,20725,20726
14296,20724,20725,20726
14298,20724,20725,20726
14299,20724,20725,20726
14301,20724,20725,20726
14303,20724,20725,20726
14304,20724,20725,20726
14305,20724,20725,20726
14306,20724,20725,20726
14307,20724,20725,20726
14309,20724,20725,20726
14311,20724,20725,20726
14312,20724,20725,20726
14315,20724,20725,20726
14319,20724,20725,20726
14320,20724,20725,20726
14321,20724,20725,20726
14322,20724,20725,20726
14323,20724,20725,20726
14324,20724,20725,20726
14325,20724,20725,20726
14327,20724,20725,20726
14329,20724,20725,20726
14330,20724,20725,20726
14331,20724,20725,20726
14332,20724,20725,20726
14334,20724,20725,20726
14336,20724,20725,20726
14338,20724,20725,20726
14341,20724,20725,20726
14342,20724,20725,20726
14343,20724,20725,20726
14344,20724,20725,20726
14346,20724,20725,20726
14347,20724,20725,20726
14350,20724,20725,20726
14352,20724,20725,20726
14353,20724,20725,20726
14356,20724,20725,20726
14360,20724,20725,20726
14364,20724,20725,20726
14365,20724,20725,20726
14367,20724,20725,20726
14369,20724,20725,20726
14372,20724,20725,20726
14375,20724,20725,20726
14377,20724,20725,20726
14379,20724,20725,20726
14381,20724,20725,20726
14382,20724,20725,20726
14383,20724,20725,20726
14387,20724,20725,20726
14388,20724,20725,20726
14389,20724,20725,20726
14390,20724,20725,20726
14391,20724,20725,20726
14395,20724,20725,20726
14396,20724,20725,20726
14397,20724,20725,20726
14399,20724,20725,20726
14400,20724,20725,20726
14401,20724,20725,20726
14402,20724,20725,20726
14404,20724,20725,20726
14405,20724,20725,20726
14406,20724,20725,20726
14407,20724,20725,20726
14408,20724,20725,20726
14409,20724,20725,20726
14410,20724,20725,20726
14413,20724,20725,20726
14415,20724,20725,20726
14417,20724,20725,20726
14419,20724,20725,20726
14420,20724,20725,20726
14421,20724,20725,20726
14422,20724,20725,20726
14423,20724,20725,20726
14426,20724,20725,20726
14427,20724,20725,20726
14428,20724,20725,20726
14430,20724,20725,20726
14431,20724,20725,20726
14432,20724,20725,20726
14433,20724,20725,20726
14438,20724,20725,20726
14439,20724,20725,20726
14440,20724,20725,20726
14441,20724,20725,20726
14442,20724,20725,20726
14443,20724,20725,20726
14445,20724,20725,20726
14446,20724,20725,20726
14447,20724,20725,20726
14448,20724,20725,20726
14449,20724,20725,20726
14450,20724,20725,20726
14451,20724,20725,20726
14452,20724,20725,20726
14454,20724,20725,20726
14455,20724,20725,20726
14456,20724,20725,20726
14458,20724,20725,20726
14459,20724,20725,20726
14460,20724,20725,20726
14461,20724,20725,20726
14462,20724,20725,20726
14465,20724,20725,20726
14466,20724,20725,20726
14467,20724,20725,20726
14469,20724,20725,20726
14470,20724,20725,20726
14471,20724,20725,20726
14472,20724,20725,20726
14474,20724,20725,20726
14475,20724,20725,20726
14476,20724,20725,20726
14477,20724,20725,20726
14478,20724,20725,20726
14479,20724,20725,20726
14480,20724,20725,20726
14481,20724,20725,20726
14482,20724,20725,20726
14484,20724,20725,20726
14486,20724,20725,20726
14487,20724,20725,20726
14489,20724,20725,20726
14490,20724,20725,20726
14492,20724,20725,20726
14493,20724,20725,20726
14496,20724,20725,20726
14497,20724,20725,20726
14498,20724,20725,20726
14499,20724,20725,20726
14500,20724,20725,20726
14501,20724,20725,20726
14502,20724,20725,20726
14503,20724,20725,20726
14504,20724,20725,20726
14505,20724,20725,20726
14507,20724,20725,20726
14508,20724,20725,20726
14509,20724,20725,20726
14510,20724,20725,20726
14511,20724,20725,20726
14512,20724,20725,20726
14513,20724,20725,20726
14514,20724,20725,20726
14515,20724,20725,20726
14516,20724,20725,20726
14519,20724,20725,20726
14520,20724,20725,20726
14521,20724,20725,20726
14524,20724,20725,20726
14525,20724,20725,20726
14526,20724,20725,20726
14527,20724,20725,20726
14529,20724,20725,20726
14530,20724,20725,20726
14531,20724,20725,20726
14532,20724,20725,20726
14533,20724,20725,20726
14534,20724,20725,20726
14535,20724,20725,20726
14537,20724,20725,20726
14538,20724,20725,20726
14540,20724,20725,20726
14541,20724,20725,20726
14544,20724,20725,20726
14545,20724,20725,20726
14546,20724,20725,20726
14548,20724,20725,20726
14549,20724,20725,20726
14550,20724,20725,20726
14552,20724,20725,20726
14553,20724,20725,20726
14555,20724,20725,20726
14556,20724,20725,20726
14560,20724,20725,20726
14561,20724,20725,20726
14562,20724,20725,20726
14563,20724,20725,20726
14564,20724,20725,20726
14565,20724,20725,20726
14566,20724,20725,20726
14567,20724,20725,20726
14568,20724,20725,20726
14570,20724,20725,20726
14571,20724,20725,20726
14572,20724,20725,20726
14573,20724,20725,20726
14574,20724,20725,20726
14575,20724,20725,20726
14577,20724,20725,20726
14581,20724,20725,20726
14583,20724,20725,20726
14584,20724,20725,20726
14585,20724,20725,20726
14586,20724,20725,20726
14587,20724,20725,20726
14590,20724,20725,20726
14591,20724,20725,20726
14593,20724,20725,20726
14595,20724,20725,20726
14596,20724,20725,20726
14597,20724,20725,20726
14598,20724,20725,20726
14599,20724,20725,20726
14605,20724,20725,20726
14606,20724,20725,20726
14607,20724,20725,20726
14608,20724,20725,20726
14611,20724,20725,20726
14614,20724,20725,20726
14615,20724,20725,20726
14617,20724,20725,20726
14618,20724,20725,20726
14619,20724,20725,20726
14621,20724,20725,20726
14622,20724,20725,20726
14623,20724,20725,20726
14624,20724,20725,20726
14625,20724,20725,20726
14626,20724,20725,20726
14627,20724,20725,20726
14628,20724,20725,20726
14634,20724,20725,20726
14635,20724,20725,20726
14636,20724,20725,20726
14639,20724,20725,20726
14640,20724,20725,20726
14644,20724,20725,20726
14645,20724,20725,20726
14646,20724,20725,20726
14647,20724,20725,20726
14648,20724,20725,20726
14649,20724,20725,20726
14650,20724,20725,20726
14651,20724,20725,20726
14652,20724,20725,20726
14653,20724,20725,20726
14655,20724,20725,20726
14656,20724,20725,20726
14657,20724,20725,20726
14658,20724,20725,20726
14659,20724,20725,20726
14662,20724,20725,20726
14663,20724,20725,20726
14665,20724,20725,20726
14667,20724,20725,20726
14668,20724,20725,20726
14669,20724,20725,20726
14670,20724,20725,20726
14671,20724,20725,20726
14672,20724,20725,20726
14673,20724,20725,20726
14675,20724,20725,20726
14676,20724,20725,20726
14677,20724,20725,20726
14678,20724,20725,20726
14679,20724,20725,20726
14680,20724,20725,20726
14682,20724,20725,20726
14684,20724,20725,20726
14685,20724,20725,20726
14686,20724,20725,20726
14687,20724,20725,20726
14688,20724,20725,20726
14689,20724,20725,20726
14690,20724,20725,20726
14692,20724,20725,20726
14693,20724,20725,20726
14695,20724,20725,20726
14696,20724,20725,20726
14699,20724,20725,20726
14700,20724,20725,20726
14701,20724,20725,20726
14702,20724,20725,20726
14704,20724,20725,20726
14705,20724,20725,20726
14706,20724,20725,20726
14709,20724,20725,20726
14710,20724,20725,20726
14711,20724,20725,20726
14713,20724,20725,20726
14714,20724,20725,20726
14715,20724,20725,20726
14716,20724,20725,20726
14717,20724,20725,20726
14719,20724,20725,20726
14720,20724,20725,20726
14722,20724,20725,20726
14723,20724,20725,20726
14724,20724,20725,20726
14725,20724,20725,20726
14727,20724,20725,20726
14729,20724,20725,20726
14730,20724,20725,20726
14732,20724,20725,20726
14733,20724,20725,20726
14734,20724,20725,20726
14735,20724,20725,20726
14736,20724,20725,20726
14738,20724,20725,20726
14739,20724,20725,20726
14740,20724,20725,20726
14742,20724,20725,20726
14744,20724,20725,20726
14745,20724,20725,20726
14747,20724,20725,20726
14748,20724,20725,20726
14750,20724,20725,20726
14751,20724,20725,20726
14753,20724,20725,20726
14754,20724,20725,20726
14755,20724,20725,20726
14756,20724,20725,20726
14757,20724,20725,20726
14758,20724,20725,20726
14759,20724,20725,20726
14760,20724,20725,20726
14762,20724,20725,20726
14766,20724,20725,20726
14767,20724,20725,20726
14769,20724,20725,20726
14770,20724,20725,20726
14771,20724,20725,20726
14772,20724,20725,20726
14773,20724,20725,20726
14775,20724,20725,20726
14776,20724,20725,20726
14778,20724,20725,20726
14784,20724,20725,20726
14787,20724,20725,20726
14788,20724,20725,20726
14790,20724,20725,20726
14793,20724,20725,20726
14794,20724,20725,20726
14796,20724,20725,20726
14797,20724,20725,20726
14798,20724,20725,20726
14800,20724,20725,20726
14805,20724,20725,20726
14810,20724,20725,20726
14811,20724,20725,20726
14812,20724,20725,20726
14813,20724,20725,20726
14814,20724,20725,20726
14817,20724,20725,20726
14818,20724,20725,20726
14820,20724,20725,20726
14821,20724,20725,20726
14822,20724,20725,20726
14823,20724,20725,20726
14824,20724,20725,20726
14825,20724,20725,20726
14828,20724,20725,20726
14829,20724,20725,20726
14831,20724,20725,20726
14834,20724,20725,20726
14837,20724,20725,20726
14839,20724,20725,20726
14841,20724,20725,20726
14842,20724,20725,20726
14844,20724,20725,20726
14847,20724,20725,20726
14848,20724,20725,20726
14849,20724,20725,20726
14850,20724,20725,20726
14851,20724,20725,20726
14852,20724,20725,20726
14853,20724,20725,20726
14854,20724,20725,20726
14855,20724,20725,20726
14857,20724,20725,20726
14858,20724,20725,20726
14859,20724,20725,20726
14861,20724,20725,20726
14866,20724,20725,20726
14867,20724,20725,20726
14868,20724,20725,20726
14869,20724,20725,20726
14871,20724,20725,20726
14872,20724,20725,20726
14873,20724,20725,20726
14875,20724,20725,20726
14876,20724,20725,20726
14878,20724,20725,20726
14880,20724,20725,20726
14882,20724,20725,20726
14883,20724,20725,20726
14885,20724,20725,20726
14886,20724,20725,20726
14887,20724,20725,20726
14888,20724,20725,20726
14889,20724,20725,20726
14890,20724,20725,20726
14891,20724,20725,20726
14893,20724,20725,20726
14894,20724,20725,20726
14895,20724,20725,20726
14896,20724,20725,20726
14898,20724,20725,20726
14899,20724,20725,20726
14901,20724,20725,20726
14902,20724,20725,20726
14903,20724,20725,20726
14904,20724,20725,20726
14905,20724,20725,20726
14907,20724,20725,20726
14909,20724,20725,20726
14911,20724,20725,20726
14912,20724,20725,20726
14913,20724,20725,20726
14915,20724,20725,20726
14916,20724,20725,20726
14918,20724,20725,20726
14920,20724,20725,20726
14922,20724,20725,20726
14924,20724,20725,20726
14927,20724,20725,20726
14929,20724,20725,20726
14930,20724,20725,20726
14934,20724,20725,20726
14936,20724,20725,20726
14937,20724,20725,20726
14938,20724,20725,20726
14941,20724,20725,20726
14942,20724,20725,20726
14944,20724,20725,20726
14947,20724,20725,20726
14948,20724,20725,20726
14949,20724,20725,20726
14952,20724,20725,20726
14953,20724,20725,20726
14955,20724,20725,20726
14957,20724,20725,20726
14959,20724,20725,20726
14961,20724,20725,20726
14962,20724,20725,20726
14963,20724,20725,20726
14964,20724,20725,20726
14965,20724,20725,20726
14966,20724,20725,20726
14967,20724,20725,20726
14970,20724,20725,20726
14972,20724,20725,20726
14973,20724,20725,20726
14975,20724,20725,20726
14976,20724,20725,20726
14978,20724,20725,20726
14979,20724,20725,20726
14980,20724,20725,20726
14981,20724,20725,20726
14983,20724,20725,20726
14984,20724,20725,20726
14985,20724,20725,20726
14986,20724,20725,20726
14987,20724,20725,20726
14988,20724,20725,20726
14989,20724,20725,20726
14992,20724,20725,20726
14994,20724,20725,20726
14995,20724,20725,20726
14996,20724,20725,20726
14997,20724,20725,20726
14998,20724,20725,20726
15001,20724,20725,20726
15002,20724,20725,20726
15003,20724,20725,20726
15004,20724,20725,20726
15005,20724,20725,20726
15007,20724,20725,20726
15012,20724,20725,20726
15013,20724,20725,20726
15015,20724,20725,20726
15016,20724,20725,20726
15019,20724,20725,20726
15020,20724,20725,20726
15021,20724,20725,20726
15022,20724,20725,20726
15023,20724,20725,20726
15024,20724,20725,20726
15025,20724,20725,20726
15026,20724,20725,20726
15027,20724,20725,20726
15028,20724,20725,20726
15029,20724,20725,20726
15030,20724,20725,20726
15031,20724,20725,20726
15032,20724,20725,20726
15033,20724,20725,20726
15034,20724,20725,20726
15035,20724,20725,20726
15036,20724,20725,20726
15037,20724,20725,20726
15038,20724,20725,20726
15039,20724,20725,20726
15041,20724,20725,20726
15042,20724,20725,20726
15043,20724,20725,20726
15044,20724,20725,20726
15046,20724,20725,20726
15047,20724,20725,20726
15050,20724,20725,20726
15051,20724,20725,20726
15052,20724,20725,20726
15053,20724,20725,20726
15055,20724,20725,20726
15057,20724,20725,20726
15058,20724,20725,20726
15059,20724,20725,20726
15061,20724,20725,20726
15062,20724,20725,20726
15064,20724,20725,20726
15065,20724,20725,20726
15067,20724,20725,20726
15068,20724,20725,20726
15072,20724,20725,20726
15073,20724,20725,20726
15074,20724,20725,20726
15075,20724,20725,20726
15076,20724,20725,20726
15077,20724,20725,20726
15078,20724,20725,20726
15079,20724,20725,20726
15080,20724,20725,20726
15081,20724,20725,20726
15084,20724,20725,20726
15085,20724,20725,20726
15087,20724,20725,20726
15089,20724,20725,20726
15090,20724,20725,20726
15091,20724,20725,20726
15092,20724,20725,20726
15093,20724,20725,20726
15095,20724,20725,20726
15097,20724,20725,20726
15099,20724,20725,20726
15101,20724,20725,20726
15102,20724,20725,20726
15104,20724,20725,20726
15106,20724,20725,20726
15107,20724,20725,20726
15110,20724,20725,20726
15114,20724,20725,20726
15115,20724,20725,20726
15116,20724,20725,20726
15117,20724,20725,20726
15119,20724,20725,20726
15120,20724,20725,20726
15122,20724,20725,20726
15123,20724,20725,20726
15125,20724,20725,20726
15126,20724,20725,20726
15128,20724,20725,20726
15129,20724,20725,20726
15132,20724,20725,20726
15134,20724,20725,20726
15136,20724,20725,20726
15137,20724,20725,20726
15138,20724,20725,20726
15139,20724,20725,20726
15140,20724,20725,20726
15141,20724,20725,20726
15142,20724,20725,20726
15143,20724,20725,20726
15144,20724,20725,20726
15146,20724,20725,20726
15147,20724,20725,20726
15149,20724,20725,20726
15150,20724,20725,20726
15151,20724,20725,20726
15152,20724,20725,20726
15154,20724,20725,20726
15155,20724,20725,20726
15159,20724,20725,20726
15160,20724,20725,20726
15161,20724,20725,20726
15164,20724,20725,20726
15167,20724,20725,20726
15169,20724,20725,20726
15172,20724,20725,20726
15173,20724,20725,20726
15174,20724,20725,20726
15175,20724,20725,20726
15176,20724,20725,20726
15179,20724,20725,20726
15180,20724,20725,20726
15182,20724,20725,20726
15186,20724,20725,20726
15187,20724,20725,20726
15189,20724,20725,20726
15190,20724,20725,20726
15191,20724,20725,20726
15192,20724,20725,20726
15194,20724,20725,20726
15196,20724,20725,20726
15197,20724,20725,20726
15199,20724,20725,20726
15200,20724,20725,20726
15201,20724,20725,20726
15203,20724,20725,20726
15207,20724,20725,20726
15210,20724,20725,20726
15211,20724,20725,20726
15213,20724,20725,20726
15214,20724,20725,20726
15216,20724,20725,20726
15217,20724,20725,20726
15218,20724,20725,20726
15219,20724,20725,20726
15220,20724,20725,20726
15222,20724,20725,20726
15223,20724,20725,20726
15224,20724,20725,20726
15225,20724,20725,20726
15227,20724,20725,20726
15228,20724,20725,20726
15230,20724,20725,20726
15231,20724,20725,20726
15232,20724,20725,20726
15234,20724,20725,20726
15235,20724,20725,20726
15236,20724,20725,20726
15237,20724,20725,20726
15238,20724,20725,20726
15239,20724,20725,20726
15240,20724,20725,20726
15241,20724,20725,20726
15243,20724,20725,20726
15244,20724,20725,20726
15245,20724,20725,20726
15246,20724,20725,20726
15247,20724,20725,20726
15248,20724,20725,20726
15249,20724,20725,20726
15251,20724,20725,20726
15252,20724,20725,20726
15253,20724,20725,20726
15254,20724,20725,20726
15255,20724,20725,20726
15256,20724,20725,20726
15257,20724,20725,20726
15259,20724,20725,20726
15260,20724,20725,20726
15261,20724,20725,20726
15262,20724,20725,20726
15263,20724,20725,20726
15264,20724,20725,20726
15265,20724,20725,20726
15266,20724,20725,20726
15269,20724,20725,20726
15270,20724,20725,20726
15271,20724,20725,20726
15272,20724,20725,20726
15276,20724,20725,20726
15278,20724,20725,20726
15279,20724,20725,20726
15280,20724,20725,20726
15281,20724,20725,20726
15282,20724,20725,20726
15287,20724,20725,20726
15288,20724,20725,20726
15289,20724,20725,20726
15290,20724,20725,20726
15291,20724,20725,20726
15293,20724,20725,20726
15295,20724,20725,20726
15296,20724,20725,20726
15298,20724,20725,20726
15301,20724,20725,20726
15302,20724,20725,20726
15303,20724,20725,20726
15306,20724,20725,20726
15309,20724,20725,20726
15310,20724,20725,20726
15311,20724,20725,20726
15312,20724,20725,20726
15313,20724,20725,20726
15314,20724,20725,20726
15315,20724,20725,20726
15317,20724,20725,20726
15321,20724,20725,20726
15322,20724,20725,20726
15323,20724,20725,20726
15324,20724,20725,20726
15325,20724,20725,20726
15326,20724,20725,20726
15329,20724,20725,20726
15331,20724,20725,20726
15334,20724,20725,20726
15336,20724,20725,20726
15337,20724,20725,20726
15338,20724,20725,20726
15339,20724,20725,20726
15340,20724,20725,20726
15341,20724,20725,20726
15347,20724,20725,20726
15349,20724,20725,20726
15350,20724,20725,20726
15351,20724,20725,20726
15352,20724,20725,20726
15353,20724,20725,20726
15356,20724,20725,20726
15358,20724,20725,20726
15361,20724,20725,20726
15363,20724,20725,20726
15364,20724,20725,20726
15365,20724,20725,20726
15366,20724,20725,20726
15367,20724,20725,20726
15369,20724,20725,20726
15370,20724,20725,20726
15372,20724,20725,20726
15373,20724,20725,20726
15374,20724,20725,20726
15376,20724,20725,20726
15378,20724,20725,20726
15379,20724,20725,20726
15382,20724,20725,20726
15384,20724,20725,20726
15385,20724,20725,20726
15386,20724,20725,20726
15388,20724,20725,20726
15390,20724,20725,20726
15392,20724,20725,20726
15393,20724,20725,20726
15394,20724,20725,20726
15398,20724,20725,20726
15399,20724,20725,20726
15401,20724,20725,20726
15402,20724,20725,20726
15405,20724,20725,20726
15406,20724,20725,20726
15407,20724,20725,20726
15408,20724,20725,20726
15410,20724,20725,20726
15411,20724,20725,20726
15412,20724,20725,20726
15415,20724,20725,20726
15416,20724,20725,20726
15417,20724,20725,20726
15421,20724,20725,20726
15422,20724,20725,20726
15425,20724,20725,20726
15426,20724,20725,20726
15428,20724,20725,20726
15429,20724,20725,20726
15430,20724,20725,20726
15432,20724,20725,20726
15433,20724,20725,20726
15434,20724,20725,20726
15436,20724,20725,20726
15439,20724,20725,20726
15440,20724,20725,20726
15441,20724,20725,20726
15443,20724,20725,20726
15446,20724,20725,20726
15447,20724,20725,20726
15448,20724,20725,20726
15449,20724,20725,20726
15451,20724,20725,20726
15452,20724,20725,20726
15453,20724,20725,20726
15456,20724,20725,20726
15457,20724,20725,20726
15460,20724,20725,20726
15462,20724,20725,20726
15464,20724,20725,20726
15465,20724,20725,20726
15466,20724,20725,20726
15467,20724,20725,20726
15468,20724,20725,20726
15469,20724,20725,20726
15471,20724,20725,20726
15472,20724,20725,20726
15474,20724,20725,20726
15475,20724,20725,20726
15476,20724,20725,20726
15478,20724,20725,20726
15480,20724,20725,20726
15481,20724,20725,20726
15482,20724,20725,20726
15483,20724,20725,20726
15484,20724,20725,20726
15488,20724,20725,20726
15489,20724,20725,20726
15490,20724,20725,20726
15491,20724,20725,20726
15493,20724,20725,20726
15494,20724,20725,20726
15495,20724,20725,20726
15497,20724,20725,20726
15498,20724,20725,20726
15499,20724,20725,20726
15501,20724,20725,20726
15502,20724,20725,20726
15503,20724,20725,20726
15507,20724,20725,20726
15508,20724,20725,20726
15509,20724,20725,20726
15511,20724,20725,20726
15513,20724,20725,20726
15514,20724,20725,20726
15517,20724,20725,20726
15518,20724,20725,20726
15521,20724,20725,20726
15522,20724,20725,20726
15523,20724,20725,20726
15527,20724,20725,20726
15529,20724,20725,20726
15530,20724,20725,20726
15532,20724,20725,20726
15538,20724,20725,20726
15541,20724,20725,20726
15542,20724,20725,20726
15544,20724,20725,20726
15545,20724,20725,20726
15547,20724,20725,20726
15549,20724,20725,20726
15550,20724,20725,20726
15551,20724,20725,20726
15555,20724,20725,20726
15558,20724,20725,20726
15559,20724,20725,20726
15560,20724,20725,20726
15561,20724,20725,20726
15563,20724,20725,20726
15566,20724,20725,20726
15569,20724,20725,20726
15570,20724,20725,20726
15571,20724,20725,20726
15572,20724,20725,20726
15573,20724,20725,20726
15574,20724,20725,20726
15577,20724,20725,20726
15579,20724,20725,20726
15580,20724,20725,20726
15581,20724,20725,20726
15582,20724,20725,20726
15583,20724,20725,20726
15584,20724,20725,20726
15589,20724,20725,20726
15590,20724,20725,20726
15594,20724,20725,20726
15596,20724,20725,20726
15597,20724,20725,20726
15598,20724,20725,20726
15599,20724,20725,20726
15600,20724,20725,20726
15601,20724,20725,20726
15602,20724,20725,20726
15605,20724,20725,20726
15606,20724,20725,20726
15607,20724,20725,20726
15608,20724,20725,20726
15613,20724,20725,20726
15614,20724,20725,20726
15615,20724,20725,20726
15618,20724,20725,20726
15620,20724,20725,20726
15622,20724,20725,20726
15624,20724,20725,20726
15625,20724,20725,20726
15626,20724,20725,20726
15627,20724,20725,20726
15628,20724,20725,20726
15629,20724,20725,20726
15630,20724,20725,20726
15631,20724,20725,20726
15632,20724,20725,20726
15633,20724,20725,20726
15636,20724,20725,20726
15637,20724,20725,20726
15639,20724,20725,20726
15640,20724,20725,20726
15641,20724,20725,20726
15644,20724,20725,20726
15645,20724,20725,20726
15646,20724,20725,20726
15647,20724,20725,20726
15648,20724,20725,20726
15650,20724,20725,20726
15652,20724,20725,20726
15658,20724,20725,20726
15660,20724,20725,20726
15661,20724,20725,20726
15662,20724,20725,20726
15664,20724,20725,20726
15665,20724,20725,20726
15666,20724,20725,20726
15671,20724,20725,20726
15673,20724,20725,20726
15674,20724,20725,20726
15675,20724,20725,20726
15676,20724,20725,20726
15677,20724,20725,20726
15678,20724,20725,20726
15679,20724,20725,20726
15680,20724,20725,20726
15681,20724,20725,20726
15683,20724,20725,20726
15687,20724,20725,20726
15688,20724,20725,20726
15691,20724,20725,20726
15695,20724,20725,20726
15696,20724,20725,20726
15697,20724,20725,20726
15698,20724,20725,20726
15700,20724,20725,20726
15701,20724,20725,20726
15702,20724,20725,20726
15704,20724,20725,20726
15705,20724,20725,20726
15706,20724,20725,20726
15707,20724,20725,20726
15708,20724,20725,20726
15710,20724,20725,20726
15711,20724,20725,20726
15712,20724,20725,20726
15713,20724,20725,20726
15715,20724,20725,20726
15716,20724,20725,20726
15717,20724,20725,20726
15718,20724,20725,20726
15719,20724,20725,20726
15720,20724,20725,20726
15722,20724,20725,20726
15723,20724,20725,20726
15724,20724,20725,20726
15727,20724,20725,20726
15729,20724,20725,20726
15730,20724,20725,20726
15731,20724,20725,20726
15732,20724,20725,20726
15734,20724,20725,20726
15736,20724,20725,20726
15737,20724,20725,20726
15738,20724,20725,20726
15743,20724,20725,20726
15745,20724,20725,20726
15746,20724,20725,20726
15747,20724,20725,20726
15749,20724,20725,20726
15750,20724,20725,20726
15751,20724,20725,20726
15752,20724,20725,20726
15754,20724,20725,20726
15755,20724,20725,20726
15756,20724,20725,20726
15757,20724,20725,20726
15762,20724,20725,20726
15764,20724,20725,20726
15765,20724,20725,20726
15767,20724,20725,20726
15768,20724,20725,20726
15769,20724,20725,20726
15771,20724,20725,20726
15774,20724,20725,20726
15775,20724,20725,20726
15776,20724,20725,20726
15777,20724,20725,20726
15778,20724,20725,20726
15779,20724,20725,20726
15780,20724,20725,20726
15784,20724,20725,20726
15785,20724,20725,20726
15786,20724,20725,20726
15789,20724,20725,20726
15791,20724,20725,20726
15792,20724,20725,20726
15793,20724,20725,20726
15795,20724,20725,20726
15796,20724,20725,20726
15797,20724,20725,20726
15798,20724,20725,20726
15799,20724,20725,20726
15800,20724,20725,20726
15803,20724,20725,20726
15804,20724,20725,20726
15805,20724,20725,20726
15806,20724,20725,20726
15807,20724,20725,20726
15808,20724,20725,20726
15809,20724,20725,20726
15810,20724,20725,20726
15811,20724,20725,20726
15812,20724,20725,20726
15814,20724,20725,20726
15815,20724,20725,20726
15817,20724,20725,20726
15818,20724,20725,20726
15819,20724,20725,20726
15822,20724,20725,20726
15823,20724,20725,20726
15824,20724,20725,20726
15825,20724,20725,20726
15826,20724,20725,20726
15827,20724,20725,20726
15828,20724,20725,20726
15829,20724,20725,20726
15831,20724,20725,20726
15834,20724,20725,20726
15835,20724,20725,20726
15837,20724,20725,20726
15838,20724,20725,20726
15839,20724,20725,20726
15840,20724,20725,20726
15841,20724,20725,20726
15845,20724,20725,20726
15846,20724,20725,20726
15847,20724,20725,20726
15850,20724,20725,20726
15852,20724,20725,20726
15854,20724,20725,20726
15855,20724,20725,20726
15856,20724,20725,20726
15857,20724,20725,20726
15858,20724,20725,20726
15859,20724,20725,20726
15860,20724,20725,20726
15861,20724,20725,20726
15862,20724,20725,20726
15863,20724,20725,20726
15865,20724,20725,20726
15867,20724,20725,20726
15869,20724,20725,20726
15872,20724,20725,20726
15874,20724,20725,20726
15876,20724,20725,20726
15878,20724,20725,20726
15879,20724,20725,20726
15880,20724,20725,20726
15881,20724,20725,20726
15882,20724,20725,20726
15887,20724,20725,20726
15888,20724,20725,20726
15889,20724,20725,20726
15891,20724,20725,20726
15892,20724,20725,20726
15894,20724,20725,20726
15898,20724,20725,20726
15900,20724,20725,20726
15901,20724,20725,20726
15902,20724,20725,20726
15906,20724,20725,20726
15907,20724,20725,20726
15908,20724,20725,20726
15910,20724,20725,20726
15911,20724,20725,20726
15915,20724,20725,20726
15916,20724,20725,20726
15917,20724,20725,20726
15918,20724,20725,20726
15919,20724,20725,20726
15920,20724,20725,20726
15921,20724,20725,20726
15926,20724,20725,20726
15928,20724,20725,20726
15932,20724,20725,20726
15933,20724,20725,20726
15935,20724,20725,20726
15936,20724,20725,20726
15938,20724,20725,20726
15939,20724,20725,20726
15944,20724,20725,20726
15947,20724,20725,20726
15950,20724,20725,20726
15952,20724,20725,20726
15953,20724,20725,20726
15954,20724,20725,20726
15955,20724,20725,20726
15956,20724,20725,20726
15957,20724,20725,20726
15960,20724,20725,20726
15961,20724,20725,20726
15964,20724,20725,20726
15965,20724,20725,20726
15966,20724,20725,20726
15967,20724,20725,20726
15968,20724,20725,20726
15969,20724,20725,20726
15970,20724,20725,20726
15971,20724,20725,20726
15972,20724,20725,20726
15974,20724,20725,20726
15975,20724,20725,20726
15976,20724,20725,20726
15978,20724,20725,20726
15979,20724,20725,20726
15980,20724,20725,20726
15981,20724,20725,20726
15982,20724,20725,20726
15983,20724,20725,20726
15984,20724,20725,20726
15985,20724,20725,20726
15986,20724,20725,20726
15987,20724,20725,20726
15988,20724,20725,20726
15990,20724,20725,20726
15992,20724,20725,20726
15994,20724,20725,20726
15995,20724,20725,20726
15998,20724,20725,20726
16001,20724,20725,20726
16002,20724,20725,20726
16003,20724,20725,20726
16004,20724,20725,20726
16005,20724,20725,20726
16006,20724,20725,20726
16007,20724,20725,20726
16008,20724,20725,20726
16009,20724,20725,20726
16010,20724,20725,20726
16011,20724,20725,20726
16012,20724,20725,20726
16013,20724,20725,20726
16014,20724,20725,20726
16016,20724,20725,20726
16018,20724,20725,20726
16019,20724,20725,20726
16021,20724,20725,20726
16022,20724,20725,20726
16023,20724,20725,20726
16027,20724,20725,20726
16029,20724,20725,20726
16030,20724,20725,20726
16031,20724,20725,20726
16032,20724,20725,20726
16033,20724,20725,20726
16034,20724,20725,20726
16036,20724,20725,20726
16037,20724,20725,20726
16038,20724,20725,20726
16039,20724,20725,20726
16040,20724,20725,20726
16043,20724,20725,20726
16045,20724,20725,20726
16048,20724,20725,20726
16049,20724,20725,20726
16053,20724,20725,20726
16057,20724,20725,20726
16059,20724,20725,20726
16060,20724,20725,20726
16062,20724,20725,20726
16063,20724,20725,20726
16064,20724,20725,20726
16065,20724,20725,20726
16066,20724,20725,20726
16067,20724,20725,20726
16068,20724,20725,20726
16071,20724,20725,20726
16072,20724,20725,20726
16075,20724,20725,20726
16076,20724,20725,20726
16078,20724,20725,20726
16080,20724,20725,20726
16081,20724,20725,20726
16083,20724,20725,20726
16084,20724,20725,20726
16085,20724,20725,20726
16086,20724,20725,20726
16089,20724,20725,20726
16092,20724,20725,20726
16094,20724,20725,20726
16096,20724,20725,20726
16098,20724,20725,20726
16099,20724,20725,20726
16100,20724,20725,20726
16101,20724,20725,20726
16102,20724,20725,20726
16103,20724,20725,20726
16104,20724,20725,20726
16105,20724,20725,20726
16107,20724,20725,20726
16108,20724,20725,20726
16110,20724,20725,20726
16111,20724,20725,20726
16112,20724,20725,20726
16113,20724,20725,20726
16115,20724,20725,20726
16116,20724,20725,20726
16117,20724,20725,20726
16118,20724,20725,20726
16119,20724,20725,20726
16121,20724,20725,20726
16124,20724,20725,20726
16125,20724,20725,20726
16128,20724,20725,20726
16129,20724,20725,20726
16130,20724,20725,20726
16131,20724,20725,20726
16132,20724,20725,20726
16133,20724,20725,20726
16134,20724,20725,20726
16135,20724,20725,20726
16136,20724,20725,20726
16138,20724,20725,20726
16139,20724,20725,20726
16140,20724,20725,20726
16141,20724,20725,20726
16142,20724,20725,20726
16143,20724,20725,20726
16145,20724,20725,20726
16146,20724,20725,20726
16147,20724,20725,20726
16150,20724,20725,20726
16153,20724,20725,20726
16155,20724,20725,20726
16156,20724,20725,20726
16157,20724,20725,20726
16158,20724,20725,20726
16159,20724,20725,20726
16160,20724,20725,20726
16161,20724,20725,20726
16163,20724,20725,20726
16166,20724,20725,20726
16167,20724,20725,20726
16168,20724,20725,20726
16169,20724,20725,20726
16170,20724,20725,20726
16172,20724,20725,20726
16174,20724,20725,20726
16175,20724,20725,20726
16176,20724,20725,20726
16177,20724,20725,20726
16178,20724,20725,20726
16180,20724,20725,20726
16182,20724,20725,20726
16183,20724,20725,20726
16184,20724,20725,20726
16185,20724,20725,20726
16186,20724,20725,20726
16187,20724,20725,20726
16188,20724,20725,20726
16190,20724,20725,20726
16191,20724,20725,20726
16192,20724,20725,20726
16193,20724,20725,20726
16197,20724,20725,20726
16200,20724,20725,20726
16201,20724,20725,20726
16202,20724,20725,20726
16203,20724,20725,20726
16204,20724,20725,20726
16205,20724,20725,20726
16206,20724,20725,20726
16208,20724,20725,20726
16209,20724,20725,20726
16210,20724,20725,20726
16212,20724,20725,20726
16213,20724,20725,20726
16214,20724,20725,20726
16216,20724,20725,20726
16218,20724,20725,20726
16221,20724,20725,20726
16222,20724,20725,20726
16223,20724,20725,20726
16224,20724,20725,20726
16225,20724,20725,20726
16227,20724,20725,20726
16228,20724,20725,20726
16229,20724,20725,20726
16230,20724,20725,20726
16231,20724,20725,20726
16232,20724,20725,20726
16234,20724,20725,20726
16235,20724,20725,20726
16238,20724,20725,20726
16240,20724,20725,20726
16241,20724,20725,20726
16242,20724,20725,20726
16244,20724,20725,20726
16245,20724,20725,20726
16246,20724,20725,20726
16249,20724,20725,20726
16250,20724,20725,20726
16251,20724,20725,20726
16253,20724,20725,20726
16254,20724,20725,20726
16255,20724,20725,20726
16256,20724,20725,20726
16258,20724,20725,20726
16259,20724,20725,20726
16261,20724,20725,20726
16262,20724,20725,20726
16264,20724,20725,20726
16265,20724,20725,20726
16266,20724,20725,20726
16267,20724,20725,20726
16268,20724,20725,20726
16269,20724,20725,20726
16271,20724,20725,20726
16272,20724,20725,20726
16275,20724,20725,20726
16276,20724,20725,20726
16278,20724,20725,20726
16279,20724,20725,20726
16280,20724,20725,20726
16281,20724,20725,20726
16282,20724,20725,20726
16283,20724,20725,20726
16288,20724,20725,20726
16290,20724,20725,20726
16292,20724,20725,20726
16293,20724,20725,20726
16294,20724,20725,20726
16296,20724,20725,20726
16298,20724,20725,20726
16299,20724,20725,20726
16300,20724,20725,20726
16303,20724,20725,20726
16305,20724,20725,20726
16306,20724,20725,20726
16307,20724,20725,20726
16309,20724,20725,20726
16310,20724,20725,20726
16314,20724,20725,20726
16315,20724,20725,20726
16316,20724,20725,20726
16317,20724,20725,20726
16320,20724,20725,20726
16321,20724,20725,20726
16324,20724,20725,20726
16325,20724,20725,20726
16326,20724,20725,20726
16327,20724,20725,20726
16329,20724,20725,20726
16330,20724,20725,20726
16332,20724,20725,20726
16334,20724,20725,20726
16335,20724,20725,20726
16336,20724,20725,20726
16340,20724,20725,20726
16341,20724,20725,20726
16344,20724,20725,20726
16345,20724,20725,20726
16347,20724,20725,20726
16348,20724,20725,20726
16350,20724,20725,20726
16351,20724,20725,20726
16353,20724,20725,20726
16354,20724,20725,20726
16355,20724,20725,20726
16357,20724,20725,20726
16358,20724,20725,20726
16359,20724,20725,20726
16360,20724,20725,20726
16361,20724,20725,20726
16362,20724,20725,20726
16364,20724,20725,20726
16365,20724,20725,20726
16366,20724,20725,20726
16367,20724,20725,20726
16369,20724,20725,20726
16370,20724,20725,20726
16371,20724,20725,20726
16372,20724,20725,20726
16373,20724,20725,20726
16374,20724,20725,20726
16375,20724,20725,20726
16379,20724,20725,20726
16381,20724,20725,20726
16383,20724,20725,20726
16384,20724,20725,20726
16385,20724,20725,20726
16386,20724,20725,20726
16387,20724,20725,20726
16389,20724,20725,20726
16390,20724,20725,20726
16391,20724,20725,20726
16392,20724,20725,20726
16393,20724,20725,20726
16394,20724,20725,20726
16395,20724,20725,20726
16396,20724,20725,20726
16398,20724,20725,20726
16399,20724,20725,20726
16400,20724,20725,20726
16401,20724,20725,20726
16403,20724,20725,20726
16404,20724,20725,20726
16406,20724,20725,20726
16407,20724,20725,20726
16408,20724,20725,20726
16409,20724,20725,20726
16411,20724,20725,20726
16412,20724,20725,20726
16413,20724,20725,20726
16414,20724,20725,20726
16415,20724,20725,20726
16416,20724,20725,20726
16418,20724,20725,20726
16419,20724,20725,20726
16421,20724,20725,20726
16422,20724,20725,20726
16424,20724,20725,20726
16425,20724,20725,20726
16426,20724,20725,20726
16427,20724,20725,20726
16428,20724,20725,20726
16431,20724,20725,20726
16434,20724,20725,20726
16436,20724,20725,20726
16438,20724,20725,20726
16440,20724,20725,20726
16442,20724,20725,20726
16444,20724,20725,20726
16445,20724,20725,20726
16447,20724,20725,20726
16448,20724,20725,20726
16449,20724,20725,20726
16450,20724,20725,20726
16451,20724,20725,20726
16456,20724,20725,20726
16457,20724,20725,20726
16458,20724,20725,20726
16460,20724,20725,20726
16461,20724,20725,20726
16464,20724,20725,20726
16465,20724,20725,20726
16466,20724,20725,20726
16468,20724,20725,20726
16469,20724,20725,20726
16470,20724,20725,20726
16471,20724,20725,20726
16472,20724,20725,20726
16473,20724,20725,20726
16474,20724,20725,20726
16475,20724,20725,20726
16477,20724,20725,20726
16480,20724,20725,20726
16481,20724,20725,20726
16483,20724,20725,20726
16484,20724,20725,20726
16485,20724,20725,20726
16486,20724,20725,20726
16487,20724,20725,20726
16492,20724,20725,20726
16493,20724,20725,20726
16494,20724,20725,20726
16495,20724,20725,20726
16496,20724,20725,20726
16497,20724,20725,20726
16499,20724,20725,20726
16500,20724,20725,20726
16501,20724,20725,20726
16502,20724,20725,20726
16503,20724,20725,20726
16507,20724,20725,20726
16508,20724,20725,20726
16510,20724,20725,20726
16511,20724,20725,20726
16515,20724,20725,20726
16517,20724,20725,20726
16520,20724,20725,20726
16521,20724,20725,20726
16522,20724,20725,20726
16523,20724,20725,20726
16525,20724,20725,20726
16527,20724,20725,20726
16529,20724,20725,20726
16531,20724,20725,20726
16535,20724,20725,20726
16538,20724,20725,20726
16539,20724,20725,20726
16541,20724,20725,20726
16543,20724,20725,20726
16545,20724,20725,20726
16546,20724,20725,20726
16547,20724,20725,20726
16549,20724,20725,20726
16550,20724,20725,20726
16551,20724,20725,20726
16552,20724,20725,20726
16553,20724,20725,20726
16554,20724,20725,20726
16555,20724,20725,20726
16556,20724,20725,20726
16558,20724,20725,20726
16559,20724,20725,20726
16560,20724,20725,20726
16562,20724,20725,20726
16563,20724,20725,20726
16564,20724,20725,20726
16569,20724,20725,20726
16570,20724,20725,20726
16571,20724,20725,20726
16572,20724,20725,20726
16573,20724,20725,20726
16574,20724,20725,20726
16576,20724,20725,20726
16577,20724,20725,20726
16578,20724,20725,20726
16579,20724,20725,20726
16580,20724,20725,20726
16581,20724,20725,20726
16583,20724,20725,20726
16586,20724,20725,20726
16587,20724,20725,20726
16588,20724,20725,20726
16589,20724,20725,20726
16592,20724,20725,20726
16593,20724,20725,20726
16595,20724,20725,20726
16596,20724,20725,20726
16599,20724,20725,20726
16600,20724,20725,20726
16602,20724,20725,20726
16603,20724,20725,20726
16604,20724,20725,20726
16607,20724,20725,20726
16608,20724,20725,20726
16609,20724,20725,20726
16610,20724,20725,20726
16612,20724,20725,20726
16613,20724,20725,20726
16615,20724,20725,20726
16617,20724,20725,20726
16618,20724,20725,20726
16619,20724,20725,20726
16620,20724,20725,20726
16622,20724,20725,20726
16623,20724,20725,20726
16624,20724,20725,20726
16625,20724,20725,20726
16626,20724,20725,20726
16627,20724,20725,20726
16628,20724,20725,20726
16629,20724,20725,20726
16630,20724,20725,20726
16631,20724,20725,20726
16632,20724,20725,20726
16633,20724,20725,20726
16634,20724,20725,20726
16635,20724,20725,20726
16636,20724,20725,20726
16637,20724,20725,20726
16638,20724,20725,20726
16639,20724,20725,20726
16640,20724,20725,20726
16641,20724,20725,20726
16643,20724,20725,20726
16644,20724,20725,20726
16646,20724,20725,20726
16647,20724,20725,20726
16648,20724,20725,20726
16649,20724,20725,20726
16650,20724,20725,20726
16652,20724,20725,20726
16653,20724,20725,20726
16654,20724,20725,20726
16655,20724,20725,20726
16656,20724,20725,20726
16657,20724,20725,20726
16658,20724,20725,20726
16661,20724,20725,20726
16663,20724,20725,20726
16664,20724,20725,20726
16666,20724,20725,20726
16667,20724,20725,20726
16668,20724,20725,20726
16669,20724,20725,20726
16670,20724,20725,20726
16673,20724,20725,20726
16674,20724,20725,20726
16675,20724,20725,20726
16676,20724,20725,20726
16677,20724,20725,20726
16680,20724,20725,20726
16682,20724,20725,20726
16684,20724,20725,20726
16686,20724,20725,20726
16691,20724,20725,20726
16693,20724,20725,20726
16695,20724,20725,20726
16700,20724,20725,20726
16701,20724,20725,20726
16702,20724,20725,20726
16704,20724,20725,20726
16705,20724,20725,20726
16706,20724,20725,20726
16707,20724,20725,20726
16709,20724,20725,20726
16710,20724,20725,20726
16712,20724,20725,20726
16713,20724,20725,20726
16714,20724,20725,20726
16717,20724,20725,20726
16718,20724,20725,20726
16719,20724,20725,20726
16720,20724,20725,20726
16722,20724,20725,20726
16723,20724,20725,20726
16724,20724,20725,20726
16725,20724,20725,20726
16726,20724,20725,20726
16727,20724,20725,20726
16728,20724,20725,20726
16729,20724,20725,20726
16730,20724,20725,20726
16732,20724,20725,20726
16735,20724,20725,20726
16736,20724,20725,20726
16739,20724,20725,20726
16740,20724,20725,20726
16742,20724,20725,20726
16743,20724,20725,20726
16744,20724,20725,20726
16745,20724,20725,20726
16746,20724,20725,20726
16748,20724,20725,20726
16749,20724,20725,20726
16750,20724,20725,20726
16754,20724,20725,20726
16755,20724,20725,20726
16756,20724,20725,20726
16760,20724,20725,20726
16763,20724,20725,20726
16764,20724,20725,20726
16765,20724,20725,20726
16767,20724,20725,20726
16768,20724,20725,20726
16769,20724,20725,20726
16770,20724,20725,20726
16771,20724,20725,20726
16772,20724,20725,20726
16773,20724,20725,20726
16775,20724,20725,20726
16776,20724,20725,20726
16777,20724,20725,20726
16778,20724,20725,20726
16779,20724,20725,20726
16780,20724,20725,20726
16782,20724,20725,20726
16784,20724,20725,20726
16785,20724,20725,20726
16787,20724,20725,20726
16788,20724,20725,20726
16791,20724,20725,20726
16792,20724,20725,20726
16794,20724,20725,20726
16795,20724,20725,20726
16796,20724,20725,20726
16797,20724,20725,20726
16798,20724,20725,20726
16799,20724,20725,20726
16805,20724,20725,20726
16806,20724,20725,20726
16807,20724,20725,20726
16809,20724,20725,20726
16810,20724,20725,20726
16812,20724,20725,20726
16813,20724,20725,20726
16814,20724,20725,20726
16815,20724,20725,20726
16817,20724,20725,20726
16818,20724,20725,20726
16820,20724,20725,20726
16822,20724,20725,20726
16823,20724,20725,20726
16824,20724,20725,20726
16829,20724,20725,20726
16830,20724,20725,20726
16832,20724,20725,20726
16833,20724,20725,20726
16834,20724,20725,20726
16835,20724,20725,20726
16837,20724,20725,20726
16838,20724,20725,20726
16839,20724,20725,20726
16840,20724,20725,20726
16841,20724,20725,20726
16842,20724,20725,20726
16843,20724,20725,20726
16844,20724,20725,20726
16845,20724,20725,20726
16846,20724,20725,20726
16847,20724,20725,20726
16849,20724,20725,20726
16854,20724,20725,20726
16857,20724,20725,20726
16858,20724,20725,20726
16859,20724,20725,20726
16860,20724,20725,20726
16861,20724,20725,20726
16862,20724,20725,20726
16863,20724,20725,20726
16864,20724,20725,20726
16865,20724,20725,20726
16866,20724,20725,20726
16869,20724,20725,20726
16870,20724,20725,20726
16871,20724,20725,20726
16873,20724,20725,20726
16875,20724,20725,20726
16876,20724,20725,20726
16880,20724,20725,20726
16882,20724,20725,20726
16883,20724,20725,20726
16884,20724,20725,20726
16885,20724,20725,20726
16887,20724,20725,20726
16889,20724,20725,20726
16891,20724,20725,20726
16892,20724,20725,20726
16893,20724,20725,20726
16894,20724,20725,20726
16895,20724,20725,20726
16896,20724,20725,20726
16898,20724,20725,20726
16899,20724,20725,20726
16901,20724,20725,20726
16902,20724,20725,20726
16903,20724,20725,20726
16904,20724,20725,20726
16905,20724,20725,20726
16906,20724,20725,20726
16907,20724,20725,20726
16910,20724,20725,20726
16911,20724,20725,20726
16913,20724,20725,20726
16915,20724,20725,20726
16916,20724,20725,20726
16917,20724,20725,20726
16918,20724,20725,20726
16919,20724,20725,20726
16922,20724,20725,20726
16923,20724,20725,20726
16924,20724,20725,20726
16925,20724,20725,20726
16926,20724,20725,20726
16929,20724,20725,20726
16931,20724,20725,20726
16932,20724,20725,20726
16933,20724,20725,20726
16934,20724,20725,20726
16935,20724,20725,20726
16936,20724,20725,20726
16937,20724,20725,20726
16938,20724,20725,20726
16939,20724,20725,20726
16940,20724,20725,20726
16942,20724,20725,20726
16945,20724,20725,20726
16946,20724,20725,20726
16947,20724,20725,20726
16948,20724,20725,20726
16949,20724,20725,20726
16950,20724,20725,20726
16951,20724,20725,20726
16952,20724,20725,20726
16954,20724,20725,20726
16958,20724,20725,20726
16959,20724,20725,20726
16960,20724,20725,20726
16961,20724,20725,20726
16962,20724,20725,20726
16967,20724,20725,20726
16969,20724,20725,20726
16972,20724,20725,20726
16973,20724,20725,20726
16975,20724,20725,20726
16977,20724,20725,20726
16978,20724,20725,20726
16979,20724,20725,20726
16980,20724,20725,20726
16984,20724,20725,20726
16985,20724,20725,20726
16986,20724,20725,20726
16987,20724,20725,20726
16988,20724,20725,20726
16990,20724,20725,20726
16991,20724,20725,20726
16992,20724,20725,20726
16996,20724,20725,20726
16997,20724,20725,20726
16999,20724,20725,20726
17001,20724,20725,20726
17003,20724,20725,20726
17005,20724,20725,20726
17012,20724,20725,20726
17015,20724,20725,20726
17017,20724,20725,20726
17019,20724,20725,20726
17020,20724,20725,20726
17022,20724,20725,20726
17023,20724,20725,20726
17025,20724,20725,20726
17027,20724,20725,20726
17028,20724,20725,20726
17029,20724,20725,20726
17031,20724,20725,20726
17032,20724,20725,20726
17034,20724,20725,20726
17035,20724,20725,20726
17037,20724,20725,20726
17040,20724,20725,20726
17041,20724,20725,20726
17043,20724,20725,20726
17044,20724,20725,20726
17045,20724,20725,20726
17046,20724,20725,20726
17047,20724,20725,20726
17048,20724,20725,20726
17049,20724,20725,20726
17050,20724,20725,20726
17051,20724,20725,20726
17053,20724,20725,20726
17054,20724,20725,20726
17057,20724,20725,20726
17058,20724,20725,20726
17059,20724,20725,20726
17061,20724,20725,20726
17062,20724,20725,20726
17063,20724,20725,20726
17065,20724,20725,20726
17066,20724,20725,20726
17067,20724,20725,20726
17068,20724,20725,20726
17069,20724,20725,20726
17070,20724,20725,20726
17071,20724,20725,20726
17075,20724,20725,20726
17076,20724,20725,20726
17081,20724,20725,20726
17082,20724,20725,20726
17083,20724,20725,20726
17084,20724,20725,20726
17085,20724,20725,20726
17088,20724,20725,20726
17090,20724,20725,20726
17091,20724,20725,20726
17092,20724,20725,20726
17094,20724,20725,20726
17095,20724,20725,20726
17096,20724,20725,20726
17097,20724,20725,20726
17098,20724,20725,20726
17099,20724,20725,20726
17101,20724,20725,20726
17103,20724,20725,20726
17105,20724,20725,20726
17106,20724,20725,20726
17107,20724,20725,20726
17109,20724,20725,20726
17110,20724,20725,20726
17111,20724,20725,20726
17112,20724,20725,20726
17113,20724,20725,20726
17114,20724,20725,20726
17115,20724,20725,20726
17116,20724,20725,20726
17118,20724,20725,20726
17120,20724,20725,20726
17122,20724,20725,20726
17123,20724,20725,20726
17124,20724,20725,20726
17126,20724,20725,20726
17127,20724,20725,20726
17128,20724,20725,20726
17131,20724,20725,20726
17132,20724,20725,20726
17133,20724,20725,20726
17134,20724,20725,20726
17135,20724,20725,20726
17137,20724,20725,20726
17138,20724,20725,20726
17139,20724,20725,20726
17140,20724,20725,20726
17141,20724,20725,20726
17142,20724,20725,20726
17143,20724,20725,20726
17145,20724,20725,20726
17146,20724,20725,20726
17147,20724,20725,20726
17150,20724,20725,20726
17155,20724,20725,20726
17156,20724,20725,20726
17158,20724,20725,20726
17159,20724,20725,20726
17160,20724,20725,20726
17161,20724,20725,20726
17162,20724,20725,20726
17164,20724,20725,20726
17165,20724,20725,20726
17167,20724,20725,20726
17169,20724,20725,20726
17171,20724,20725,20726
17173,20724,20725,20726
17174,20724,20725,20726
17176,20724,20725,20726
17177,20724,20725,20726
17178,20724,20725,20726
17179,20724,20725,20726
17180,20724,20725,20726
17185,20724,20725,20726
17188,20724,20725,20726
17189,20724,20725,20726
17190,20724,20725,20726
17191,20724,20725,20726
17194,20724,20725,20726
17196,20724,20725,20726
17198,20724,20725,20726
17201,20724,20725,20726
17203,20724,20725,20726
17204,20724,20725,20726
17205,20724,20725,20726
17208,20724,20725,20726
17209,20724,20725,20726
17210,20724,20725,20726
17211,20724,20725,20726
17212,20724,20725,20726
17213,20724,20725,20726
17214,20724,20725,20726
17216,20724,20725,20726
17218,20724,20725,20726
17220,20724,20725,20726
17221,20724,20725,20726
17222,20724,20725,20726
17223,20724,20725,20726
17226,20724,20725,20726
17227,20724,20725,20726
17228,20724,20725,20726
17229,20724,20725,20726
17230,20724,20725,20726
17231,20724,20725,20726
17234,20724,20725,20726
17235,20724,20725,20726
17236,20724,20725,20726
17237,20724,20725,20726
17238,20724,20725,20726
17239,20724,20725,20726
17240,20724,20725,20726
17241,20724,20725,20726
17242,20724,20725,20726
17243,20724,20725,20726
17244,20724,20725,20726
17248,20724,20725,20726
17249,20724,20725,20726
17250,20724,20725,20726
17251,20724,20725,20726
17252,20724,20725,20726
17254,20724,20725,20726
17255,20724,20725,20726
17256,20724,20725,20726
17259,20724,20725,20726
17261,20724,20725,20726
17263,20724,20725,20726
17265,20724,20725,20726
17266,20724,20725,20726
17267,20724,20725,20726
17269,20724,20725,20726
17270,20724,20725,20726
17271,20724,20725,20726
17272,20724,20725,20726
17274,20724,20725,20726
17276,20724,20725,20726
17278,20724,20725,20726
17280,20724,20725,20726
17281,20724,20725,20726
17282,20724,20725,20726
17284,20724,20725,20726
17286,20724,20725,20726
17287,20724,20725,20726
17288,20724,20725,20726
17289,20724,20725,20726
17290,20724,20725,20726
17293,20724,20725,20726
17296,20724,20725,20726
17298,20724,20725,20726
17299,20724,20725,20726
17300,20724,20725,20726
17301,20724,20725,20726
17303,20724,20725,20726
17304,20724,20725,20726
17307,20724,20725,20726
17309,20724,20725,20726
17311,20724,20725,20726
17314,20724,20725,20726
17315,20724,20725,20726
17316,20724,20725,20726
17318,20724,20725,20726
17320,20724,20725,20726
17321,20724,20725,20726
17322,20724,20725,20726
17323,20724,20725,20726
17324,20724,20725,20726
17325,20724,20725,20726
17326,20724,20725,20726
17329,20724,20725,20726
17332,20724,20725,20726
17337,20724,20725,20726
17338,20724,20725,20726
17340,20724,20725,20726
17341,20724,20725,20726
17342,20724,20725,20726
17344,20724,20725,20726
17345,20724,20725,20726
17346,20724,20725,20726
17348,20724,20725,20726
17349,20724,20725,20726
17350,20724,20725,20726
17353,20724,20725,20726
17354,20724,20725,20726
17358,20724,20725,20726
17360,20724,20725,20726
17361,20724,20725,20726
17362,20724,20725,20726
17363,20724,20725,20726
17364,20724,20725,20726
17365,20724,20725,20726
17366,20724,20725,20726
17368,20724,20725,20726
17371,20724,20725,20726
17372,20724,20725,20726
17373,20724,20725,20726
17374,20724,20725,20726
17375,20724,20725,20726
17376,20724,20725,20726
17377,20724,20725,20726
17381,20724,20725,20726
17384,20724,20725,20726
17386,20724,20725,20726
17388,20724,20725,20726
17389,20724,20725,20726
17391,20724,20725,20726
17392,20724,20725,20726
17397,20724,20725,20726
17398,20724,20725,20726
17400,20724,20725,20726
17402,20724,20725,20726
17404,20724,20725,20726
17405,20724,20725,20726
17406,20724,20725,20726
17407,20724,20725,20726
17409,20724,20725,20726
17410,20724,20725,20726
17411,20724,20725,20726
17412,20724,20725,20726
17413,20724,20725,20726
17416,20724,20725,20726
17418,20724,20725,20726
17419,20724,20725,20726
17420,20724,20725,20726
17421,20724,20725,20726
17422,20724,20725,20726
17423,20724,20725,20726
17426,20724,20725,20726
17428,20724,20725,20726
17429,20724,20725,20726
17430,20724,20725,20726
17431,20724,20725,20726
17432,20724,20725,20726
17433,20724,20725,20726
17434,20724,20725,20726
17437,20724,20725,20726
17438,20724,20725,20726
17441,20724,20725,20726
17442,20724,20725,20726
17444,20724,20725,20726
17446,20724,20725,20726
17447,20724,20725,20726
17448,20724,20725,20726
17449,20724,20725,20726
17450,20724,20725,20726
17451,20724,20725,20726
17454,20724,20725,20726
17455,20724,20725,20726
17456,20724,20725,20726
17458,20724,20725,20726
17460,20724,20725,20726
17462,20724,20725,20726
17463,20724,20725,20726
17464,20724,20725,20726
17465,20724,20725,20726
17469,20724,20725,20726
17470,20724,20725,20726
17471,20724,20725,20726
17472,20724,20725,20726
17473,20724,20725,20726
17476,20724,20725,20726
17477,20724,20725,20726
17480,20724,20725,20726
17482,20724,20725,20726
17483,20724,20725,20726
17485,20724,20725,20726
17488,20724,20725,20726
17489,20724,20725,20726
17490,20724,20725,20726
17491,20724,20725,20726
17492,20724,20725,20726
17495,20724,20725,20726
17496,20724,20725,20726
17498,20724,20725,20726
17499,20724,20725,20726
17501,20724,20725,20726
17504,20724,20725,20726
17505,20724,20725,20726
17507,20724,20725,20726
17508,20724,20725,20726
17510,20724,20725,20726
17511,20724,20725,20726
17512,20724,20725,20726
17514,20724,20725,20726
17515,20724,20725,20726
17516,20724,20725,20726
17518,20724,20725,20726
17519,20724,20725,20726
17521,20724,20725,20726
17522,20724,20725,20726
17524,20724,20725,20726
17528,20724,20725,20726
17529,20724,20725,20726
17530,20724,20725,20726
17531,20724,20725,20726
17534,20724,20725,20726
17536,20724,20725,20726
17539,20724,20725,20726
17541,20724,20725,20726
17542,20724,20725,20726
17543,20724,20725,20726
17544,20724,20725,20726
17545,20724,20725,20726
17548,20724,20725,20726
17550,20724,20725,20726
17551,20724,20725,20726
17552,20724,20725,20726
17555,20724,20725,20726
17558,20724,20725,20726
17560,20724,20725,20726
17561,20724,20725,20726
17562,20724,20725,20726
17563,20724,20725,20726
17565,20724,20725,20726
17567,20724,20725,20726
17568,20724,20725,20726
17569,20724,20725,20726
17571,20724,20725,20726
17573,20724,20725,20726
17574,20724,20725,20726
17575,20724,20725,20726
17576,20724,20725,20726
17577,20724,20725,20726
17578,20724,20725,20726
17579,20724,20725,20726
17580,20724,20725,20726
17581,20724,20725,20726
17582,20724,20725,20726
17583,20724,20725,20726
17584,20724,20725,20726
17585,20724,20725,20726
17587,20724,20725,20726
17589,20724,20725,20726
17591,20724,20725,20726
17593,20724,20725,20726
17594,20724,20725,20726
17596,20724,20725,20726
17597,20724,20725,20726
17602,20724,20725,20726
17603,20724,20725,20726
17604,20724,20725,20726
17608,20724,20725,20726
17609,20724,20725,20726
17610,20724,20725,20726
17611,20724,20725,20726
17612,20724,20725,20726
17613,20724,20725,20726
17615,20724,20725,20726
17616,20724,20725,20726
17618,20724,20725,20726
17619,20724,20725,20726
17621,20724,20725,20726
17622,20724,20725,20726
17623,20724,20725,20726
17624,20724,20725,20726
17625,20724,20725,20726
17626,20724,20725,20726
17628,20724,20725,20726
17629,20724,20725,20726
17631,20724,20725,20726
17633,20724,20725,20726
17634,20724,20725,20726
17635,20724,20725,20726
17637,20724,20725,20726
17639,20724,20725,20726
17640,20724,20725,20726
17642,20724,20725,20726
17643,20724,20725,20726
17644,20724,20725,20726
17646,20724,20725,20726
17648,20724,20725,20726
17649,20724,20725,20726
17651,20724,20725,20726
17652,20724,20725,20726
17654,20724,20725,20726
17655,20724,20725,20726
17657,20724,20725,20726
17658,20724,20725,20726
17659,20724,20725,20726
17663,20724,20725,20726
17664,20724,20725,20726
17665,20724,20725,20726
17666,20724,20725,20726
17667,20724,20725,20726
17669,20724,20725,20726
17671,20724,20725,20726
17672,20724,20725,20726
17674,20724,20725,20726
17675,20724,20725,20726
17676,20724,20725,20726
17677,20724,20725,20726
17678,20724,20725,20726
17680,20724,20725,20726
17681,20724,20725,20726
17682,20724,20725,20726
17683,20724,20725,20726
17685,20724,20725,20726
17686,20724,20725,20726
17687,20724,20725,20726
17689,20724,20725,20726
17690,20724,20725,20726
17692,20724,20725,20726
17695,20724,20725,20726
17697,20724,20725,20726
17699,20724,20725,20726
17700,20724,20725,20726
17701,20724,20725,20726
17702,20724,20725,20726
17703,20724,20725,20726
17704,20724,20725,20726
17705,20724,20725,20726
17706,20724,20725,20726
17708,20724,20725,20726
17713,20724,20725,20726
17716,20724,20725,20726
17717,20724,20725,20726
17718,20724,20725,20726
17720,20724,20725,20726
17725,20724,20725,20726
17726,20724,20725,20726
17728,20724,20725,20726
17729,20724,20725,20726
17730,20724,20725,20726
17731,20724,20725,20726
17732,20724,20725,20726
17733,20724,20725,20726
17734,20724,20725,20726
17735,20724,20725,20726
17736,20724,20725,20726
17738,20724,20725,20726
17739,20724,20725,20726
17741,20724,20725,20726
17742,20724,20725,20726
17744,20724,20725,20726
17749,20724,20725,20726
17754,20724,20725,20726
17755,20724,20725,20726
17756,20724,20725,20726
17757,20724,20725,20726
17758,20724,20725,20726
17759,20724,20725,20726
17760,20724,20725,20726
17762,20724,20725,20726
17763,20724,20725,20726
17764,20724,20725,20726
17765,20724,20725,20726
17767,20724,20725,20726
17768,20724,20725,20726
17769,20724,20725,20726
17772,20724,20725,20726
17773,20724,20725,20726
17774,20724,20725,20726
17776,20724,20725,20726
17779,20724,20725,20726
17780,20724,20725,20726
17782,20724,20725,20726
17783,20724,20725,20726
17786,20724,20725,20726
17787,20724,20725,20726
17789,20724,20725,20726
17790,20724,20725,20726
17792,20724,20725,20726
17796,20724,20725,20726
17797,20724,20725,20726
17798,20724,20725,20726
17799,20724,20725,20726
17800,20724,20725,20726
17801,20724,20725,20726
17802,20724,20725,20726
17803,20724,20725,20726
17804,20724,20725,20726
17807,20724,20725,20726
17808,20724,20725,20726
17810,20724,20725,20726
17811,20724,20725,20726
17812,20724,20725,20726
17814,20724,20725,20726
17816,20724,20725,20726
17817,20724,20725,20726
17818,20724,20725,20726
17819,20724,20725,20726
17820,20724,20725,20726
17822,20724,20725,20726
17825,20724,20725,20726
17826,20724,20725,20726
17827,20724,20725,20726
17828,20724,20725,20726
17829,20724,20725,20726
17830,20724,20725,20726
17834,20724,20725,20726
17837,20724,20725,20726
17838,20724,20725,20726
17840,20724,20725,20726
17841,20724,20725,20726
17842,20724,20725,20726
17848,20724,20725,20726
17849,20724,20725,20726
17850,20724,20725,20726
17851,20724,20725,20726
17852,20724,20725,20726
17853,20724,20725,20726
17854,20724,20725,20726
17855,20724,20725,20726
17858,20724,20725,20726
17860,20724,20725,20726
17861,20724,20725,20726
17862,20724,20725,20726
17863,20724,20725,20726
17864,20724,20725,20726
17865,20724,20725,20726
17868,20724,20725,20726
17869,20724,20725,20726
17870,20724,20725,20726
17871,20724,20725,20726
17873,20724,20725,20726
17877,20724,20725,20726
17880,20724,20725,20726
17882,20724,20725,20726
17884,20724,20725,20726
17886,20724,20725,20726
17888,20724,20725,20726
17890,20724,20725,20726
17894,20724,20725,20726
17897,20724,20725,20726
17899,20724,20725,20726
17902,20724,20725,20726
17903,20724,20725,20726
17905,20724,20725,20726
17908,20724,20725,20726
17910,20724,20725,20726
17912,20724,20725,20726
17913,20724,20725,20726
17915,20724,20725,20726
17916,20724,20725,20726
17917,20724,20725,20726
17920,20724,20725,20726
17921,20724,20725,20726
17928,20724,20725,20726
17929,20724,20725,20726
17930,20724,20725,20726
17931,20724,20725,20726
17932,20724,20725,20726
17935,20724,20725,20726
17937,20724,20725,20726
17945,20724,20725,20726
17946,20724,20725,20726
17949,20724,20725,20726
17950,20724,20725,20726
17952,20724,20725,20726
17954,20724,20725,20726
17958,20724,20725,20726
17961,20724,20725,20726
17962,20724,20725,20726
17963,20724,20725,20726
17965,20724,20725,20726
17966,20724,20725,20726
17967,20724,20725,20726
17968,20724,20725,20726
17969,20724,20725,20726
17971,20724,20725,20726
17974,20724,20725,20726
17975,20724,20725,20726
17976,20724,20725,20726
17977,20724,20725,20726
17978,20724,20725,20726
17979,20724,20725,20726
17980,20724,20725,20726
17984,20724,20725,20726
17987,20724,20725,20726
17988,20724,20725,20726
17990,20724,20725,20726
17991,20724,20725,20726
17992,20724,20725,20726
17993,20724,20725,20726
17994,20724,20725,20726
17995,20724,20725,20726
17996,20724,20725,20726
17997,20724,20725,20726
17998,20724,20725,20726
17999,20724,20725,20726
18001,20724,20725,20726
18004,20724,20725,20726
18006,20724,20725,20726
18007,20724,20725,20726
18008,20724,20725,20726
18009,20724,20725,20726
18011,20724,20725,20726
18016,20724,20725,20726
18017,20724,20725,20726
18018,20724,20725,20726
18021,20724,20725,20726
18022,20724,20725,20726
18025,20724,20725,20726
18034,20724,20725,20726
18036,20724,20725,20726
18037,20724,20725,20726
18038,20724,20725,20726
18039,20724,20725,20726
18041,20724,20725,20726
18043,20724,20725,20726
18044,20724,20725,20726
18046,20724,20725,20726
18047,20724,20725,20726
18048,20724,20725,20726
18049,20724,20725,20726
18050,20724,20725,20726
18051,20724,20725,20726
18053,20724,20725,20726
18055,20724,20725,20726
18056,20724,20725,20726
18057,20724,20725,20726
18058,20724,20725,20726
18060,20724,20725,20726
18061,20724,20725,20726
18064,20724,20725,20726
18065,20724,20725,20726
18066,20724,20725,20726
18069,20724,20725,20726
18071,20724,20725,20726
18073,20724,20725,20726
18074,20724,20725,20726
18075,20724,20725,20726
18077,20724,20725,20726
18078,20724,20725,20726
18079,20724,20725,20726
18083,20724,20725,20726
18084,20724,20725,20726
18086,20724,20725,20726
18087,20724,20725,20726
18090,20724,20725,20726
18091,20724,20725,20726
18094,20724,20725,20726
18095,20724,20725,20726
18096,20724,20725,20726
18097,20724,20725,20726
18098,20724,20725,20726
18099,20724,20725,20726
18100,20724,20725,20726
18101,20724,20725,20726
18102,20724,20725,20726
18103,20724,20725,20726
18106,20724,20725,20726
18107,20724,20725,20726
18108,20724,20725,20726
18109,20724,20725,20726
18115,20724,20725,20726
18116,20724,20725,20726
18118,20724,20725,20726
18121,20724,20725,20726
18122,20724,20725,20726
18123,20724,20725,20726
18124,20724,20725,20726
18125,20724,20725,20726
18127,20724,20725,20726
18128,20724,20725,20726
18132,20724,20725,20726
18135,20724,20725,20726
18136,20724,20725,20726
18137,20724,20725,20726
18138,20724,20725,20726
18141,20724,20725,20726
18143,20724,20725,20726
18144,20724,20725,20726
18145,20724,20725,20726
18146,20724,20725,20726
18148,20724,20725,20726
18149,20724,20725,20726
18151,20724,20725,20726
18152,20724,20725,20726
18156,20724,20725,20726
18157,20724,20725,20726
18158,20724,20725,20726
18160,20724,20725,20726
18161,20724,20725,20726
18162,20724,20725,20726
18167,20724,20725,20726
18168,20724,20725,20726
18170,20724,20725,20726
18171,20724,20725,20726
18172,20724,20725,20726
18174,20724,20725,20726
18175,20724,20725,20726
18177,20724,20725,20726
18178,20724,20725,20726
18179,20724,20725,20726
18180,20724,20725,20726
18181,20724,20725,20726
18183,20724,20725,20726
18185,20724,20725,20726
18186,20724,20725,20726
18187,20724,20725,20726
18188,20724,20725,20726
18189,20724,20725,20726
18190,20724,20725,20726
18192,20724,20725,20726
18193,20724,20725,20726
18194,20724,20725,20726
18196,20724,20725,20726
18197,20724,20725,20726
18198,20724,20725,20726
18201,20724,20725,20726
18202,20724,20725,20726
18203,20724,20725,20726
18206,20724,20725,20726
18207,20724,20725,20726
18210,20724,20725,20726
18211,20724,20725,20726
18212,20724,20725,20726
18213,20724,20725,20726
18214,20724,20725,20726
18215,20724,20725,20726
18217,20724,20725,20726
18218,20724,20725,20726
18219,20724,20725,20726
18220,20724,20725,20726
18221,20724,20725,20726
18222,20724,20725,20726
18223,20724,20725,20726
18224,20724,20725,20726
18225,20724,20725,20726
18226,20724,20725,20726
18228,20724,20725,20726
18229,20724,20725,20726
18230,20724,20725,20726
18231,20724,20725,20726
18234,20724,20725,20726
18235,20724,20725,20726
18236,20724,20725,20726
18239,20724,20725,20726
18241,20724,20725,20726
18242,20724,20725,20726
18243,20724,20725,20726
18244,20724,20725,20726
18245,20724,20725,20726
18247,20724,20725,20726
18248,20724,20725,20726
18250,20724,20725,20726
18251,20724,20725,20726
18255,20724,20725,20726
18257,20724,20725,20726
18258,20724,20725,20726
18259,20724,20725,20726
18260,20724,20725,20726
18262,20724,20725,20726
18263,20724,20725,20726
18264,20724,20725,20726
18265,20724,20725,20726
18267,20724,20725,20726
18268,20724,20725,20726
18272,20724,20725,20726
18276,20724,20725,20726
18277,20724,20725,20726
18278,20724,20725,20726
18280,20724,20725,20726
18283,20724,20725,20726
18285,20724,20725,20726
18286,20724,20725,20726
18287,20724,20725,20726
