customer_id,Target_20724,Target_20725,Target_20726,Target_20727,Target_20728,Target_20914,Target_21080,Target_21212,Target_21232,Target_21754,Target_21790,Target_21931,Target_21977,Target_22178,Target_22197,Target_22355,Target_84879,Target_84991,Target_85099B,Target_85099C,Target_85123A
12347,1,0,0,1,1,1,0,0,1,1,0,1,0,1,1,0,0,0,1,1,1
12349,1,1,1,0,1,1,1,0,0,0,1,1,0,0,0,0,0,1,0,0,1
12352,0,0,1,0,1,0,0,0,0,1,1,0,0,0,1,1,1,1,0,0,1
12357,0,0,1,0,0,1,1,1,1,1,0,0,0,0,0,1,1,0,1,1,0
12359,0,1,0,0,0,0,0,0,1,0,1,0,0,0,0,1,0,0,0,0,0
12362,1,1,0,0,1,1,0,0,1,1,0,1,0,0,0,1,1,1,1,0,0
12364,0,1,1,1,1,0,0,1,1,0,0,1,1,1,0,0,0,0,1,0,1
12370,0,1,0,1,1,0,0,0,0,1,1,1,0,0,1,1,0,0,1,1,0
12371,1,1,1,0,0,0,0,1,0,0,0,0,1,1,1,0,1,0,1,1,0
12375,1,1,0,1,1,1,0,0,0,1,0,0,1,0,1,0,0,1,1,0,0
12380,1,1,1,0,1,1,0,0,0,0,1,0,1,0,1,1,0,0,0,1,1
12381,1,0,0,1,1,0,1,0,1,0,1,1,0,0,1,1,0,1,0,0,0
12391,0,1,1,1,1,0,1,0,0,1,1,1,0,0,1,0,0,1,1,1,0
12398,0,1,1,0,0,0,0,0,0,0,0,1,0,0,1,0,1,0,0,0,0
12406,1,1,0,1,0,1,1,0,0,0,1,1,1,1,1,0,1,0,0,0,1
12413,0,0,0,0,1,0,1,0,1,1,0,0,1,0,1,1,0,1,1,0,0
12415,0,0,0,0,1,0,0,0,1,1,0,1,1,0,0,1,0,0,1,1,0
12420,0,0,1,1,0,1,1,0,1,1,0,0,0,0,0,1,1,1,0,1,1
12423,0,0,0,1,1,1,1,0,1,0,0,1,0,1,0,0,1,1,0,1,0
12428,1,0,1,0,1,0,0,1,1,0,1,0,0,0,0,0,1,0,0,1,0
12431,1,1,1,1,0,0,1,1,0,0,1,1,0,0,1,0,1,0,1,0,0
12432,0,0,1,0,0,0,1,1,1,0,0,1,0,0,1,0,0,1,1,0,0
12433,0,0,0,0,0,0,0,0,1,0,0,1,0,1,0,1,0,0,1,0,1
12437,1,0,0,1,1,1,1,1,0,0,1,0,1,0,1,1,0,1,0,1,0
12438,1,0,1,0,0,0,1,1,0,1,1,0,1,1,0,1,1,0,1,1,1
12446,1,1,0,0,1,0,1,0,1,0,0,1,1,0,1,0,0,1,0,0,0
12448,1,0,1,1,0,0,1,0,1,1,1,1,1,0,0,0,0,0,0,1,1
12449,1,1,0,0,0,1,0,1,0,1,0,1,0,1,1,1,1,1,1,0,1
12451,1,0,1,0,1,1,0,0,0,0,0,0,0,0,0,0,0,0,1,0,1
12456,0,1,0,1,1,0,0,0,0,1,1,1,1,0,1,0,1,0,0,1,0
12462,0,0,1,1,1,1,0,1,0,1,0,0,0,1,1,1,0,0,0,0,0
12463,1,1,0,1,1,1,1,0,0,1,1,0,0,1,1,0,0,0,0,1,0
12471,0,0,0,0,1,0,1,1,0,0,1,1,0,1,0,1,1,1,1,1,1
12472,1,1,0,1,1,1,0,1,0,0,0,1,0,0,1,1,1,0,1,0,0
12473,1,0,1,1,0,0,1,1,0,1,1,0,0,1,0,1,0,0,0,0,1
12474,1,1,1,1,0,1,1,1,0,1,1,0,1,1,0,1,0,1,1,0,1
12475,0,1,1,0,1,0,0,1,0,0,0,1,0,0,1,1,1,0,0,0,0
12476,0,1,0,0,1,0,1,0,1,0,1,0,0,1,0,0,1,1,1,0,1
12477,1,0,0,0,0,0,1,1,1,1,1,0,1,1,0,0,0,0,1,0,0
12478,1,1,1,1,1,0,0,1,0,1,0,0,0,1,0,1,0,1,1,1,0
12479,1,0,0,1,1,1,0,1,1,1,0,1,0,1,1,0,0,1,0,1,0
12484,0,0,0,0,0,0,1,0,0,1,1,1,1,0,1,1,1,0,1,1,0
12490,1,1,0,0,0,0,0,1,1,1,0,0,1,1,0,0,0,1,1,0,1
12491,0,1,1,1,1,0,0,0,1,1,0,1,0,1,1,1,0,0,0,1,1
12492,0,1,1,1,0,0,0,1,1,1,1,1,1,0,1,0,1,0,1,0,0
12494,1,0,0,1,0,0,0,0,1,1,0,0,0,0,1,1,1,0,0,1,0
12498,0,0,0,1,0,0,1,1,1,0,1,0,0,1,0,0,0,1,1,0,0
12508,0,0,0,1,0,0,1,1,0,0,1,0,1,0,1,1,1,0,0,0,1
12512,1,1,1,1,0,0,1,1,1,1,1,0,1,1,1,1,0,1,1,1,0
12517,1,1,1,1,0,1,1,0,1,0,0,0,0,0,0,1,0,0,0,1,0
12519,1,1,0,1,1,0,0,0,1,0,0,0,1,0,0,0,0,0,1,0,0
12523,0,1,1,1,1,0,1,1,1,0,1,0,1,0,0,1,0,0,1,0,0
12526,1,0,0,1,1,1,0,1,0,0,0,0,1,1,1,0,0,1,1,0,1
12528,0,0,0,0,1,1,0,0,0,0,1,1,1,1,0,0,0,1,1,1,0
12530,0,0,0,1,1,0,1,1,0,0,0,1,1,0,0,1,0,0,1,0,1
12536,0,0,0,0,0,1,0,1,0,0,0,1,0,0,1,0,1,1,1,0,0
12539,1,1,1,0,1,1,1,0,0,0,0,1,0,0,1,1,1,0,0,1,0
12540,1,1,1,1,1,1,0,1,1,1,0,0,0,0,1,0,1,1,0,0,1
12541,1,1,1,0,1,1,1,1,0,0,1,0,1,0,1,0,0,0,0,1,0
12544,0,0,0,0,1,1,1,1,0,0,0,0,0,0,0,1,1,1,0,1,1
12552,1,0,1,0,1,1,1,1,1,1,0,1,1,0,0,1,1,1,1,0,0
12553,1,1,1,0,0,1,0,0,1,1,0,0,0,1,0,0,0,1,0,0,0
12556,0,0,0,0,0,0,1,0,1,0,0,1,0,1,0,0,0,0,0,0,0
12557,0,0,1,1,0,1,0,0,0,1,0,0,1,1,1,0,1,1,0,0,0
12558,1,0,0,1,1,1,0,0,0,0,0,0,1,1,1,0,0,1,0,0,0
12560,0,1,0,0,0,0,0,1,0,1,0,0,1,1,1,0,1,1,1,0,1
12562,1,1,0,1,0,0,1,1,0,1,0,1,1,1,0,1,1,1,1,0,0
12567,1,0,0,0,0,1,1,0,1,0,0,0,0,1,0,0,0,0,0,1,0
12569,0,1,1,1,0,0,0,0,0,1,1,0,0,0,1,0,1,1,0,0,0
12571,1,0,0,0,1,1,1,1,0,0,0,1,1,0,0,1,1,1,0,0,1
12577,0,0,0,1,1,0,1,1,0,1,0,0,1,0,0,0,0,0,1,0,0
12583,0,1,0,0,1,1,0,0,1,1,1,1,0,1,1,0,1,1,0,1,1
12584,0,1,0,1,1,1,0,1,0,0,1,0,1,0,1,0,0,1,0,1,1
12586,1,0,1,0,1,0,1,1,0,0,1,0,0,0,0,0,1,1,1,1,0
12594,1,1,0,1,1,0,0,0,0,0,1,1,0,1,0,0,1,1,1,0,1
12597,0,1,1,0,1,1,1,0,0,1,0,1,1,1,1,1,1,0,0,1,0
12598,1,1,1,0,0,1,1,1,0,0,0,0,0,0,1,0,1,0,0,1,0
12600,0,0,1,0,0,0,1,0,0,1,1,0,0,0,1,0,1,0,1,0,1
12607,0,1,1,1,1,0,1,1,1,1,0,1,1,1,0,1,1,0,1,1,1
12611,0,0,0,1,1,1,1,0,0,1,1,0,1,1,1,1,0,1,1,1,1
12615,1,1,0,1,1,0,0,1,1,0,1,1,0,0,1,0,0,0,1,1,1
12619,0,1,1,0,0,0,1,0,0,1,0,1,1,0,0,1,0,0,0,1,0
12620,0,1,1,1,1,1,1,0,1,1,0,1,1,0,0,0,1,1,0,1,0
12621,1,0,0,0,0,0,1,1,0,0,0,1,0,1,1,0,0,1,0,1,0
12626,1,0,1,0,0,0,1,1,1,0,0,1,1,1,1,0,0,0,0,0,0
12627,0,1,0,1,1,0,0,0,1,1,0,1,0,0,0,0,0,1,0,1,0
12630,1,0,0,0,1,0,1,1,0,0,1,1,0,0,0,0,0,1,1,0,0
12631,1,1,1,1,1,0,0,1,0,1,1,1,1,0,1,1,1,1,0,0,0
12637,0,1,1,1,1,1,1,1,1,1,0,1,1,0,1,1,1,0,1,1,1
12638,0,1,1,1,1,0,1,1,0,0,1,1,1,0,1,1,1,0,1,1,1
12650,1,1,0,0,1,0,0,0,1,0,0,1,1,0,1,1,0,0,1,0,0
12656,1,1,1,1,1,0,1,1,1,1,0,1,1,1,1,0,1,0,0,0,0
12662,0,0,1,0,0,1,1,0,0,0,0,1,0,0,0,0,1,1,0,0,0
12667,0,0,0,0,0,1,1,1,1,0,0,0,0,1,0,0,0,1,0,0,1
12668,0,1,1,1,0,1,0,0,0,0,0,1,1,0,1,1,1,1,0,0,1
12673,1,1,1,0,0,1,0,1,0,0,0,0,1,1,1,1,0,1,1,1,0
12678,0,0,1,0,0,0,1,1,1,0,0,1,1,0,0,1,0,0,0,1,1
12679,1,0,0,0,1,0,1,1,0,0,0,1,0,1,1,0,1,0,1,1,0
12681,1,0,1,1,1,0,0,0,0,1,0,0,1,1,1,0,1,0,1,0,0
12682,1,1,0,1,1,1,1,0,0,1,0,0,1,0,1,1,1,0,0,0,1
12683,1,1,0,0,0,1,0,0,0,0,0,0,1,1,0,0,0,1,1,0,0
12684,0,0,1,0,1,0,1,0,0,0,0,0,0,0,1,1,0,0,0,1,0
12685,0,1,1,1,0,0,1,0,0,0,0,0,1,0,1,1,1,0,0,1,0
12689,1,0,1,1,1,1,1,1,1,0,0,1,0,1,1,1,0,0,1,1,0
12700,0,1,1,0,1,1,1,1,0,0,0,0,1,0,0,1,0,0,0,0,1
12705,0,0,1,0,0,1,1,1,1,1,0,0,1,1,0,1,0,0,0,1,0
12709,1,1,1,1,1,0,1,0,0,1,1,0,0,1,0,0,1,1,1,1,0
12719,0,1,0,0,0,0,0,0,1,0,1,0,0,0,0,1,0,0,1,0,1
12720,0,1,1,0,0,1,1,1,0,0,1,0,0,1,0,1,1,0,1,1,1
12721,1,0,0,1,0,0,0,0,1,0,0,1,0,1,1,1,1,1,1,1,1
12724,0,1,0,1,1,1,1,1,0,0,1,0,1,1,1,0,0,0,0,0,0
12726,0,1,0,0,0,0,0,0,0,1,1,0,0,1,0,0,0,0,0,0,0
12731,1,0,1,1,1,0,1,1,1,0,1,1,1,1,0,1,0,0,1,1,0
12740,1,0,0,0,1,0,1,1,0,1,0,0,0,0,0,1,0,0,0,0,0
12744,1,1,0,0,0,1,1,1,1,0,0,0,0,1,0,1,1,0,1,0,1
12747,1,1,0,0,1,1,0,0,1,0,1,1,1,0,1,1,0,1,0,1,1
12748,1,0,0,1,0,0,0,0,0,0,1,0,1,1,1,1,0,1,1,0,0
12757,0,1,1,1,0,0,0,1,0,0,0,0,1,1,0,0,1,1,0,1,1
12759,0,1,1,0,1,0,1,1,1,0,1,1,1,1,0,1,1,1,0,1,0
12762,0,0,0,0,0,1,0,0,1,0,1,0,0,1,1,0,1,1,0,1,0
12766,0,1,1,1,1,1,0,1,0,0,1,0,0,0,0,1,0,0,1,1,0
12772,1,0,0,0,0,0,0,0,0,1,1,0,0,1,1,0,1,1,0,1,1
12779,1,0,0,0,0,0,1,1,0,1,0,1,0,1,0,0,0,1,1,0,0
12782,0,1,0,1,0,0,1,0,0,1,1,0,0,0,0,0,1,1,0,1,1
12784,0,0,0,0,0,0,1,0,1,0,1,0,0,0,0,1,0,0,1,0,0
12785,0,1,0,1,1,0,1,0,1,0,1,1,0,1,0,1,1,0,1,0,0
12794,1,0,1,1,0,0,1,1,1,1,0,0,0,1,0,0,0,1,1,0,0
12824,0,0,0,0,0,0,1,1,1,1,1,0,0,0,1,1,0,1,1,1,1
12826,0,1,1,1,0,1,0,1,1,0,0,1,1,0,1,0,0,0,1,0,0
12830,0,1,1,0,1,1,1,0,1,0,0,0,0,0,0,1,0,0,0,0,0
12836,1,0,1,1,0,0,1,0,1,0,0,1,0,0,1,1,0,0,1,0,0
12838,0,0,1,1,1,0,0,0,0,0,0,0,0,0,0,1,1,0,1,0,1
12839,0,1,1,1,0,0,1,0,1,1,1,0,0,1,1,0,0,1,0,0,1
12841,0,1,0,0,0,0,0,1,1,1,1,1,0,0,1,1,0,0,1,1,1
12856,0,0,1,0,1,1,1,1,1,1,0,1,1,1,0,0,1,1,0,0,0
12863,0,1,1,1,1,1,0,1,1,1,0,1,0,0,1,1,0,0,1,0,0
12867,0,0,0,1,1,0,0,1,0,0,0,0,1,1,0,1,1,1,1,1,1
12876,1,0,0,1,1,0,0,1,0,1,1,0,1,0,0,0,1,0,1,1,1
12877,0,0,1,1,0,1,0,1,1,1,0,1,0,1,1,1,0,0,0,0,1
12883,1,1,0,1,1,1,1,0,1,1,1,0,1,0,1,0,0,0,0,1,0
12890,0,0,0,1,0,0,1,0,1,0,0,1,0,0,0,0,1,1,1,1,1
12893,1,1,1,0,0,1,1,1,0,1,1,0,0,1,1,0,1,0,0,1,1
12895,0,0,1,0,1,1,0,0,0,1,1,0,1,1,0,1,0,0,0,1,1
12901,0,0,1,1,0,1,1,1,0,0,1,0,0,1,0,1,1,1,0,1,1
12904,0,0,1,0,0,0,0,0,0,1,1,0,0,1,1,1,1,1,1,0,1
12913,1,0,0,1,0,1,1,1,0,0,0,0,0,1,1,0,0,0,1,1,1
12920,0,0,0,0,1,1,0,0,0,0,1,1,0,1,1,1,0,0,0,1,1
12921,0,0,1,1,0,1,0,1,0,1,1,0,0,1,1,0,0,0,1,0,0
12931,1,0,0,0,0,1,1,0,1,1,0,1,0,1,0,0,1,0,1,0,1
12933,0,0,1,0,0,1,1,0,0,0,0,1,1,0,1,1,1,1,1,0,1
12935,1,1,1,1,1,1,0,0,1,0,1,1,1,0,1,1,1,0,1,1,1
12937,1,1,0,1,1,0,1,0,0,1,1,1,0,0,0,1,1,1,1,0,1
12938,1,1,1,1,1,1,1,1,0,1,0,1,1,1,1,0,0,1,1,0,0
12939,0,0,1,0,1,0,0,0,1,0,1,1,1,0,1,0,1,1,1,0,1
12948,0,0,1,0,1,1,1,1,1,0,0,0,0,0,1,1,1,1,1,1,0
12949,0,1,1,0,1,0,1,0,0,0,1,1,1,1,1,0,1,0,0,0,0
12950,1,1,0,0,0,1,1,0,0,0,1,1,1,0,1,1,1,1,1,1,1
12952,0,1,1,1,0,1,1,0,0,1,1,1,0,0,1,1,0,1,1,1,0
12953,0,0,1,1,0,1,1,1,0,0,1,1,1,0,1,1,0,0,1,0,1
12955,1,0,0,0,0,0,0,1,0,1,0,0,0,0,1,1,1,1,1,1,1
12957,1,0,1,1,0,1,0,0,0,1,0,0,1,1,0,0,1,1,0,1,1
12966,1,0,0,0,1,0,1,1,0,0,0,0,1,0,1,1,0,1,1,1,0
12970,0,0,1,0,1,1,0,1,1,1,0,1,0,1,1,0,0,0,1,1,1
12971,1,1,1,0,1,1,1,1,1,0,1,1,1,1,1,1,0,1,0,0,0
12989,1,0,0,0,0,1,0,0,0,1,0,0,1,0,1,0,0,1,1,1,0
12990,1,0,0,1,1,1,1,1,1,0,0,0,0,0,0,1,0,1,1,0,0
12997,1,1,0,0,1,1,1,0,0,0,0,1,1,1,1,1,1,1,1,0,0
13001,0,0,0,1,0,0,0,1,1,1,0,0,1,1,1,0,1,0,1,1,0
13004,0,0,0,0,0,0,0,1,0,0,0,0,1,0,0,0,0,0,1,1,1
13014,1,0,0,1,0,1,1,1,0,1,1,0,1,0,0,0,0,1,1,0,0
13015,1,1,1,1,0,0,1,1,0,0,0,0,1,1,1,0,0,1,1,0,1
13018,0,1,1,1,1,0,0,0,1,1,0,0,0,0,1,0,0,1,0,1,0
13021,0,0,0,0,0,0,0,0,0,0,0,0,0,1,1,1,1,0,1,0,1
13028,0,0,0,0,1,0,1,0,0,0,1,1,0,0,0,1,0,0,1,1,0
13029,0,1,1,1,1,1,1,0,1,0,1,0,1,1,1,0,0,1,0,0,0
13030,1,0,0,1,0,0,1,1,1,0,0,1,0,0,0,0,1,0,1,0,1
13032,0,0,0,0,0,1,1,1,1,1,1,1,1,1,0,0,0,1,1,0,1
13040,0,0,1,1,0,1,0,1,1,1,0,0,1,0,1,1,0,0,0,0,0
13046,0,1,0,0,0,0,0,0,1,1,0,0,0,0,0,1,0,0,0,0,0
13048,1,1,0,0,0,1,0,0,1,1,1,1,0,0,1,0,1,1,0,0,0
13050,1,1,0,0,0,0,0,0,1,1,1,0,0,1,0,1,0,1,0,0,1
13068,0,1,1,0,1,0,1,0,0,0,0,0,1,0,0,1,1,1,1,1,1
13077,0,1,0,0,0,1,1,1,1,0,0,1,0,1,1,0,0,0,1,0,1
13078,1,1,1,1,0,1,1,0,0,1,0,1,1,0,0,1,0,1,0,0,1
13081,1,0,0,0,0,1,1,1,1,0,1,1,0,1,1,0,0,1,0,0,0
13089,0,0,0,1,1,0,1,1,1,1,1,1,0,1,0,1,0,1,0,0,1
13090,0,1,0,1,1,0,0,0,0,0,0,1,0,1,0,0,0,1,0,0,0
13098,0,1,0,1,1,1,0,1,1,1,1,1,0,0,0,0,1,0,0,1,1
13102,1,1,1,0,1,0,0,0,0,1,0,1,1,1,0,0,0,0,1,0,0
13103,1,1,1,0,0,0,1,1,1,1,0,1,0,0,0,0,1,1,0,1,1
13109,0,0,1,1,1,0,0,1,1,1,0,0,1,0,0,1,0,1,0,1,0
13113,1,1,1,0,1,1,1,1,1,1,1,0,0,0,1,1,1,0,0,0,0
13115,0,1,1,0,0,0,0,0,0,0,1,0,1,1,1,1,0,1,0,1,0
13118,1,0,1,1,1,0,0,1,0,1,0,0,0,0,1,0,1,0,1,1,0
13126,1,0,0,0,1,0,0,0,0,1,1,0,0,1,1,0,1,0,1,1,0
13131,0,1,1,0,0,1,1,0,0,1,0,0,0,1,0,0,0,0,0,1,1
13137,0,1,1,1,0,1,1,0,1,1,1,0,0,0,0,0,0,0,0,0,1
13139,1,0,1,0,1,0,0,0,1,0,0,1,1,1,0,0,0,0,1,1,0
13148,1,0,0,1,1,0,1,1,1,0,1,1,1,1,1,0,1,0,0,0,0
13157,0,1,1,0,1,1,0,0,1,0,1,1,0,0,1,1,0,0,0,1,1
13159,1,1,1,0,1,0,1,0,0,0,0,0,1,1,0,0,0,0,1,0,1
13167,1,0,0,0,1,0,0,1,1,1,0,0,1,1,0,1,1,0,1,1,0
13168,1,1,0,1,1,1,1,0,0,1,1,1,0,0,1,0,0,0,0,0,1
13173,0,0,0,0,0,1,0,1,0,0,0,0,0,1,0,1,0,0,1,0,1
13174,0,1,0,1,0,1,1,1,0,1,1,1,0,1,0,1,1,0,1,0,1
13176,0,0,0,0,1,1,1,1,0,1,0,0,0,1,1,0,1,0,0,0,1
13178,0,0,1,0,1,0,0,0,0,1,1,1,0,1,0,1,1,0,1,1,1
13209,0,1,1,0,1,1,1,1,1,0,0,1,1,0,1,1,0,0,1,0,0
13213,1,1,1,0,0,0,0,0,1,1,1,0,1,1,1,0,0,1,0,0,1
13224,1,0,1,0,1,1,0,0,1,0,1,1,0,0,0,1,0,0,0,0,1
13225,0,1,0,1,1,1,1,0,1,0,0,0,1,1,1,1,1,1,0,1,1
13230,1,0,1,1,1,0,1,1,1,1,1,0,0,0,1,1,1,0,1,1,0
13232,1,0,0,1,1,1,0,1,1,0,1,1,1,1,1,1,1,0,0,1,0
13236,1,0,1,0,1,1,1,0,1,1,0,1,0,1,0,1,0,0,0,1,1
13238,0,1,0,1,0,0,1,1,0,1,0,0,1,0,0,0,1,1,1,1,0
13246,1,0,1,1,0,0,1,0,1,0,0,1,0,0,1,1,1,0,0,1,0
13258,1,1,1,1,0,0,1,1,0,1,1,0,1,0,1,1,1,0,0,0,1
13263,1,1,1,0,0,1,0,0,1,0,0,1,1,1,0,0,0,0,0,0,0
13267,1,1,0,0,0,0,1,1,0,0,0,0,1,1,1,1,1,0,0,1,1
13268,1,0,0,0,0,1,0,1,0,1,1,0,0,0,1,0,1,0,0,1,0
13269,0,1,0,1,1,1,1,0,1,0,1,0,0,0,0,0,0,1,0,0,0
13272,1,1,1,1,1,1,1,0,0,0,1,1,1,1,1,1,0,0,1,1,0
13277,1,1,1,1,1,0,0,0,1,0,1,1,0,1,0,0,0,1,0,0,0
13278,0,0,1,0,0,1,1,1,1,0,1,0,1,1,1,1,0,0,0,0,0
13285,1,0,0,0,0,0,0,1,0,1,1,1,1,1,1,1,1,1,0,0,0
13292,0,0,0,0,0,1,0,0,0,1,1,1,1,1,1,0,0,1,1,1,0
13297,1,0,1,0,1,0,1,0,0,1,1,1,1,1,0,0,0,0,1,0,0
13305,0,1,0,0,1,0,1,1,1,0,1,0,1,0,1,0,0,0,0,0,0
13309,0,1,1,1,1,0,0,1,0,0,1,1,1,1,1,1,1,1,1,1,1
13310,0,1,0,0,1,1,0,0,0,1,1,0,0,1,0,0,1,1,0,1,1
13313,1,1,0,1,1,1,0,1,1,1,0,0,1,0,1,1,1,0,0,1,0
13317,1,1,0,1,0,0,0,1,1,0,1,1,1,0,1,0,0,1,0,0,1
13319,1,1,0,1,0,1,1,0,1,0,0,0,0,0,0,0,1,1,0,0,0
13324,0,0,1,0,0,0,0,0,1,1,1,0,1,0,0,0,1,1,0,1,0
13327,1,1,1,1,1,1,1,0,1,1,0,0,0,1,1,0,1,1,0,0,1
13332,1,1,1,1,0,0,1,1,1,0,0,0,0,0,1,1,1,0,1,1,0
13344,1,0,0,1,0,1,0,0,0,1,0,0,1,1,0,0,0,0,0,0,1
13348,1,0,1,1,0,0,1,0,0,1,0,0,0,0,1,1,0,1,0,1,1
13349,1,1,1,0,1,1,0,1,1,0,1,1,1,1,1,0,0,1,0,0,1
13365,0,1,1,0,1,0,0,1,1,0,1,1,1,1,1,1,1,0,1,0,1
13373,0,1,1,0,0,1,1,1,1,1,0,1,0,0,0,1,0,1,0,0,1
13379,0,1,0,0,1,1,1,0,0,1,1,0,0,1,0,0,1,0,0,1,0
13381,0,0,1,1,0,0,0,0,0,0,1,0,0,0,1,0,1,1,0,0,0
13384,1,1,0,0,0,0,0,0,0,1,1,1,1,1,0,1,0,1,0,0,0
13394,1,1,1,1,1,1,0,1,1,1,1,0,0,0,0,0,1,0,1,1,0
13396,1,1,1,1,1,0,1,1,1,1,0,1,1,0,1,0,0,1,0,1,1
13408,0,1,0,1,0,1,0,0,1,1,1,0,0,0,1,0,0,1,1,0,1
13419,1,0,1,0,1,1,0,0,1,0,1,1,1,1,1,0,0,1,1,1,1
13421,1,0,0,0,1,0,1,0,1,1,0,1,0,1,1,1,1,0,0,0,0
13422,0,0,1,0,0,1,0,0,1,1,1,1,1,0,1,1,1,1,1,0,0
13426,0,0,0,1,0,1,0,0,0,1,0,0,1,1,1,0,1,1,0,1,1
13428,1,0,0,1,0,0,0,1,0,0,0,1,1,0,0,0,0,0,1,0,1
13429,0,1,1,1,0,0,0,1,1,0,0,1,0,1,1,1,0,0,1,0,0
13430,1,1,0,1,0,0,1,1,0,1,1,0,1,1,0,1,0,0,1,0,0
13436,0,1,1,0,0,0,0,0,1,1,0,0,1,1,1,1,0,1,1,0,1
13447,0,0,0,0,1,1,1,0,0,0,0,1,0,1,1,0,1,1,0,0,1
13448,0,1,0,1,1,1,1,1,0,1,1,1,1,1,1,1,0,1,0,1,1
13449,1,1,0,0,1,1,1,0,1,1,1,0,0,0,1,1,0,1,0,0,1
13450,0,1,1,1,1,1,0,1,0,0,1,0,0,0,0,0,1,0,1,0,0
13451,1,0,0,0,0,0,1,1,1,1,1,0,1,0,1,1,1,1,1,0,0
13455,0,1,0,1,0,0,1,0,1,0,1,0,1,0,1,0,1,1,0,0,1
13456,0,0,0,1,1,0,0,1,0,1,0,0,1,0,1,1,0,1,1,1,1
13458,1,0,1,1,1,1,0,1,1,0,0,1,0,1,0,0,0,1,0,1,0
13461,0,1,0,1,1,1,0,1,0,0,1,0,1,0,0,0,0,0,0,1,0
13464,0,1,1,1,0,0,1,1,1,1,0,1,0,0,1,0,1,1,1,1,1
13467,1,0,1,0,0,1,1,0,0,1,1,0,0,0,0,1,0,1,0,1,0
13471,1,1,0,0,0,0,1,0,0,0,0,0,0,1,0,1,1,1,0,0,0
13481,0,0,1,0,1,0,1,1,0,1,1,1,1,0,1,0,0,1,1,0,1
13483,0,0,0,0,0,1,1,1,0,1,1,0,1,1,1,0,1,1,1,0,0
13488,0,0,1,1,1,0,0,1,1,0,0,0,1,1,0,0,1,1,1,1,1
13496,0,1,1,0,0,0,0,1,0,1,1,0,0,1,1,0,1,0,1,1,0
13500,0,0,1,1,0,0,1,1,0,1,1,0,1,1,1,0,0,1,1,1,1
13507,0,1,1,1,1,0,1,0,0,1,0,1,0,0,0,0,0,0,0,0,0
13509,1,0,0,0,1,1,1,0,0,1,1,1,1,1,1,0,0,0,0,0,0
13510,0,1,1,1,0,0,1,1,0,1,1,0,0,0,0,1,0,1,1,1,0
13521,0,1,1,1,1,0,0,0,0,1,1,1,0,1,1,0,1,0,0,0,0
13523,1,0,0,0,1,0,0,1,0,0,1,1,0,1,1,1,1,1,1,0,0
13524,1,1,1,1,1,0,0,0,1,0,0,1,0,1,1,1,0,0,1,1,0
13525,0,1,0,1,0,1,0,1,0,1,0,0,0,0,1,0,0,1,0,0,1
13527,0,0,1,0,1,0,1,1,1,1,0,1,1,0,0,1,1,1,0,1,1
13532,0,0,1,1,0,0,1,1,0,1,0,0,1,1,1,1,0,0,0,1,0
13534,1,0,0,0,1,0,0,1,1,0,0,0,0,0,0,1,0,1,1,1,0
13544,0,1,1,0,0,1,1,1,1,0,1,0,0,1,1,0,1,0,0,0,0
13546,1,1,0,1,1,1,1,0,1,0,0,0,1,1,0,0,1,0,1,1,1
13549,0,1,0,0,0,0,1,1,1,0,1,0,0,1,0,0,1,1,0,1,0
13557,1,0,1,0,1,0,0,0,1,1,0,1,1,0,0,1,1,1,1,1,0
13558,0,0,0,0,1,0,1,1,1,1,1,0,0,0,1,0,0,0,0,0,1
13565,1,1,0,0,1,0,0,0,1,1,1,1,0,1,0,1,0,0,1,0,0
13566,1,1,1,0,1,1,0,1,1,1,1,1,0,1,1,1,0,1,1,0,0
13569,0,1,1,1,1,1,0,1,0,0,1,0,1,0,0,1,0,1,0,1,1
13571,1,1,1,1,1,1,0,0,1,1,0,0,1,0,1,0,0,1,0,1,0
13575,1,0,0,1,0,1,1,1,0,1,1,0,1,0,0,0,1,1,0,0,0
13576,1,0,0,1,1,0,0,0,0,1,0,0,0,1,1,1,1,0,1,1,1
13577,1,1,0,0,1,1,0,0,0,0,1,1,1,1,1,0,1,1,0,1,1
13588,1,1,1,0,1,0,0,0,1,0,0,0,1,1,0,1,1,1,1,1,1
13590,1,0,0,0,0,0,1,0,0,0,0,0,1,0,0,1,1,0,1,0,0
13591,0,0,1,0,0,1,1,1,0,0,0,0,0,1,0,0,1,1,0,0,0
13594,1,0,0,0,1,1,0,1,0,1,0,0,0,1,1,0,0,1,1,1,0
13596,1,1,1,1,0,1,1,1,0,1,0,1,1,1,1,1,1,0,1,1,1
13598,0,1,0,0,1,1,1,0,0,0,0,0,1,0,1,0,1,0,1,1,1
13601,0,0,1,1,0,0,0,1,1,1,1,1,0,1,1,1,0,0,1,1,0
13607,0,0,0,1,0,0,1,1,0,0,1,0,0,1,0,0,1,0,0,1,1
13610,1,1,1,0,0,0,1,1,1,0,0,0,0,0,1,1,0,0,0,0,0
13614,0,0,0,1,0,1,0,0,0,1,1,0,1,1,1,1,0,1,1,1,0
13629,0,1,0,0,0,0,0,0,1,0,1,0,1,0,1,1,0,1,1,1,1
13630,1,0,0,1,1,0,1,0,0,1,0,1,1,0,1,0,0,1,1,0,0
13632,0,0,0,1,1,1,0,1,1,0,0,1,1,0,0,1,0,0,1,1,1
13634,0,1,0,0,1,0,0,1,1,0,0,0,0,0,1,1,0,0,0,1,1
13635,1,0,1,1,1,0,0,0,1,1,0,0,1,0,1,1,0,0,1,0,1
13636,1,0,0,0,1,0,1,0,0,1,1,0,1,0,0,0,0,1,0,0,0
13637,1,0,1,0,1,1,0,0,1,1,1,1,1,0,1,1,0,0,1,0,1
13643,1,0,1,0,1,1,0,0,0,0,0,1,1,0,1,0,1,1,1,0,1
13647,1,0,1,1,1,1,0,1,1,1,1,1,1,0,0,0,1,1,0,1,1
13650,0,1,1,0,0,1,1,0,1,0,1,1,1,1,1,0,1,0,1,0,1
13652,0,0,0,0,1,0,0,0,0,0,1,0,0,0,0,1,0,0,1,0,0
13654,0,1,0,0,0,1,1,1,1,0,0,1,0,0,0,0,1,0,1,1,1
13657,1,0,0,1,1,0,0,0,0,1,0,1,0,0,1,1,0,0,0,0,0
13668,1,0,0,0,0,0,1,1,1,1,0,0,0,1,1,0,0,0,1,1,1
13680,1,0,0,0,0,1,0,0,0,1,0,1,0,1,1,0,0,1,1,0,0
13681,0,0,1,1,0,1,0,1,0,1,0,1,1,0,1,0,0,1,0,0,1
13689,1,0,1,1,0,1,0,0,0,0,1,0,1,0,0,1,0,0,0,1,0
13694,1,1,1,0,0,1,0,0,0,1,0,0,1,1,0,1,0,1,0,1,1
13695,1,1,0,0,1,0,1,0,0,1,1,1,0,0,0,1,1,1,1,0,1
13705,0,1,1,0,1,0,1,1,0,0,0,0,1,1,1,0,0,0,0,0,1
13709,0,0,0,1,0,0,0,0,1,0,0,0,0,0,0,0,1,0,0,1,0
13719,1,1,0,0,1,0,0,0,1,0,1,1,0,0,0,0,1,1,1,1,1
13721,1,0,0,0,0,1,1,0,0,1,1,0,0,1,1,0,1,0,0,1,1
13727,0,1,1,0,1,0,1,0,1,0,1,1,0,0,1,1,0,0,1,0,0
13732,1,0,0,1,0,0,0,0,0,0,1,0,0,0,0,1,0,0,0,1,0
13736,0,0,0,1,1,1,0,0,0,1,1,0,1,0,1,0,1,1,1,0,1
13755,0,0,0,1,1,0,0,1,1,1,0,0,0,0,0,0,0,0,1,0,1
13756,1,0,0,1,0,0,0,0,0,0,1,0,1,1,1,1,0,1,1,1,0
13758,1,1,1,1,1,1,1,0,0,1,0,0,1,1,0,1,1,1,0,0,1
13761,1,0,1,1,0,1,0,1,0,0,1,0,1,1,1,1,0,1,1,1,0
13767,1,1,0,0,0,1,0,1,1,1,0,0,0,1,0,1,1,1,1,0,0
13769,0,1,0,0,0,0,1,1,0,1,1,1,0,0,0,0,0,1,1,0,0
13771,1,1,0,0,1,1,0,1,0,0,0,1,0,1,1,0,0,1,1,0,1
13772,1,1,1,1,1,1,0,0,1,0,1,0,0,0,1,1,1,0,0,1,1
13777,1,0,1,0,0,1,0,1,0,1,0,0,1,1,1,1,1,0,1,1,1
13782,0,0,1,0,0,1,1,0,1,1,0,0,1,1,1,0,0,1,1,0,0
13791,0,0,0,1,1,0,0,1,1,1,0,0,1,1,0,1,1,1,0,1,1
13798,0,1,1,1,1,0,1,0,0,1,0,0,0,1,0,0,1,1,0,0,0
13812,1,1,1,0,1,0,1,0,0,1,1,1,1,0,1,0,1,0,1,0,0
13815,1,0,1,0,1,0,0,1,0,1,1,0,1,1,0,1,1,1,1,1,0
13822,1,1,0,0,0,0,1,1,0,1,0,1,1,1,1,0,0,0,1,0,0
13823,0,0,1,0,1,1,1,1,0,1,1,1,1,0,1,0,0,1,1,0,0
13827,1,1,0,1,0,0,0,1,0,0,1,1,0,1,1,1,0,1,0,0,0
13828,0,0,0,0,0,1,1,1,0,0,1,1,0,1,1,1,0,1,0,0,1
13831,0,1,0,0,1,1,1,1,1,0,1,0,0,1,0,0,0,1,1,0,1
13835,1,1,1,0,1,1,0,0,0,1,0,0,0,1,0,0,0,0,0,1,1
13844,1,1,0,1,1,1,1,1,0,1,0,0,0,1,1,1,0,1,0,1,1
13853,1,0,0,1,0,1,0,1,1,0,1,1,1,0,0,0,0,1,1,1,0
13854,1,1,0,0,0,0,1,1,0,1,0,1,1,0,0,0,1,0,1,1,0
13858,0,1,1,1,0,0,0,0,1,0,1,0,1,1,0,1,0,0,1,1,0
13860,0,0,1,1,1,0,0,0,1,1,0,1,0,1,1,0,1,1,0,1,1
13862,0,0,1,1,1,0,0,1,1,0,0,0,0,1,1,0,0,1,0,0,0
13865,0,1,0,0,1,0,1,0,1,1,0,0,0,1,1,1,0,0,1,0,1
13867,0,0,1,1,0,0,1,0,1,0,0,1,1,1,1,0,1,1,1,1,0
13868,0,0,1,0,1,0,0,1,0,0,1,0,0,1,0,1,0,0,1,0,1
13870,0,0,1,1,1,1,0,1,1,0,1,0,0,1,1,1,1,1,0,0,1
13871,1,1,1,0,0,0,0,0,0,1,1,1,0,0,0,0,0,0,1,0,0
13875,0,0,1,1,1,1,0,1,0,1,0,1,0,1,1,1,0,0,0,1,0
13881,1,0,0,0,0,1,1,1,1,1,1,1,1,0,1,0,1,0,0,1,1
13883,0,1,1,1,0,1,0,0,0,1,1,1,0,1,0,0,0,1,1,0,0
13884,0,0,0,0,1,0,0,1,1,0,1,0,1,0,1,1,0,1,0,0,0
13894,1,1,1,0,0,1,0,0,1,1,0,0,0,1,1,1,0,0,1,1,1
13895,0,0,1,0,1,0,1,1,0,1,1,1,0,0,0,0,0,1,1,1,0
13899,1,0,1,1,1,0,1,1,1,1,0,1,0,1,1,0,1,1,0,1,1
13904,0,0,1,0,1,0,1,0,0,1,0,0,1,0,1,0,0,1,0,1,1
13914,1,1,1,1,0,0,0,1,0,0,1,1,1,0,1,0,0,1,1,1,1
13924,0,1,1,0,0,1,1,0,1,0,0,0,1,0,0,1,0,1,0,0,0
13938,1,0,1,1,0,1,1,0,1,0,1,0,1,1,1,1,1,0,1,0,0
13939,1,0,0,1,0,0,1,0,0,1,1,0,0,0,1,0,1,0,0,0,0
13949,0,1,1,1,0,0,0,0,1,0,1,0,1,1,1,1,0,0,1,0,0
13950,1,1,1,0,0,0,1,1,0,1,1,0,0,1,0,1,0,0,0,0,0
13956,0,0,0,1,1,1,1,0,0,1,1,0,1,1,0,1,1,1,0,1,1
13962,0,0,1,1,0,1,1,1,0,1,1,0,0,1,1,1,1,1,0,1,0
13969,0,0,1,0,1,1,0,1,1,1,1,0,0,0,1,0,1,1,1,0,0
13971,0,1,1,1,1,1,1,0,1,1,1,1,0,1,0,0,0,0,0,1,0
13975,0,0,0,0,0,0,0,0,1,1,0,0,1,1,0,1,1,1,1,1,1
13978,0,1,0,0,0,1,0,0,0,0,1,1,0,0,1,0,0,0,1,0,0
13982,0,0,1,0,0,1,1,0,1,0,1,1,1,0,0,0,1,1,0,1,0
13983,1,1,0,1,1,1,1,0,0,1,0,0,0,0,1,1,1,1,0,0,1
13985,0,1,0,1,1,0,1,0,0,1,0,0,0,0,0,1,0,1,1,0,1
13988,0,0,0,1,1,0,0,1,0,1,1,1,1,1,0,0,1,0,0,0,0
13989,1,0,1,1,1,0,1,0,0,0,0,1,0,1,0,1,0,1,1,1,0
13991,0,1,1,1,1,0,0,0,1,1,0,0,1,0,0,0,0,1,1,0,0
13992,0,0,0,0,0,1,1,1,1,0,0,1,1,0,0,1,1,0,1,1,1
13993,1,0,1,0,0,1,0,0,1,1,0,1,1,0,1,0,0,0,0,0,1
13994,0,1,1,0,0,0,1,0,0,1,0,1,0,1,0,0,1,0,1,1,1
13995,1,1,0,1,1,1,1,0,0,0,1,1,0,0,0,0,1,0,1,0,0
13999,1,1,0,0,1,0,0,0,1,1,0,0,1,1,1,0,0,0,1,1,0
14001,1,1,0,1,1,0,0,0,0,0,1,0,1,0,1,1,1,0,0,0,1
14004,1,1,0,1,1,0,0,1,0,1,0,0,1,0,1,0,0,1,1,1,0
14005,1,1,1,0,0,0,1,0,0,0,1,0,1,0,1,0,0,0,0,0,1
14015,1,1,0,0,0,1,1,0,1,1,0,0,1,1,0,1,1,0,1,0,0
14019,0,0,0,1,0,1,1,0,1,0,0,1,1,0,1,1,1,0,0,1,0
14020,1,1,1,1,0,1,1,1,0,1,1,0,1,0,1,1,0,1,1,1,1
14029,0,0,0,1,1,0,0,1,1,1,0,1,1,1,0,0,0,1,1,0,0
14031,1,1,1,0,0,1,0,1,0,1,1,1,0,1,0,0,1,0,0,0,0
14032,0,1,1,1,0,1,1,0,0,0,0,0,1,0,1,1,0,0,1,1,0
14034,0,0,0,1,1,1,1,0,1,1,0,0,0,1,1,0,0,1,1,0,0
14035,0,0,1,1,0,1,0,0,1,1,0,1,0,0,1,1,1,1,1,1,0
14039,0,0,1,0,1,0,1,0,0,1,0,0,0,1,0,0,1,1,1,0,1
14040,0,0,1,1,0,1,1,0,1,0,1,1,0,1,1,1,0,0,1,1,1
14044,1,1,1,0,1,1,1,1,0,0,1,1,1,1,0,1,1,0,0,0,1
14049,0,1,1,1,0,1,1,0,0,1,1,0,0,0,0,1,0,1,0,1,0
14050,1,0,1,1,0,1,0,0,1,0,0,1,0,0,0,1,0,1,1,0,0
14054,0,1,1,0,1,0,0,1,1,0,0,0,0,1,0,1,1,0,1,0,1
14056,1,1,0,1,1,1,0,0,0,1,1,0,1,1,1,0,1,0,1,0,0
14060,1,0,1,1,0,0,0,1,0,0,0,0,0,0,1,0,1,0,0,0,1
14064,0,0,1,1,0,1,1,0,1,1,1,0,0,1,0,0,1,1,1,1,0
14067,1,1,0,0,0,0,0,1,0,0,1,0,0,1,0,0,1,0,0,0,1
14071,0,0,0,0,0,1,1,0,0,0,1,1,0,1,1,0,0,0,1,0,1
14073,1,0,0,0,1,1,1,0,0,1,1,1,0,1,0,0,1,1,1,1,0
14085,1,1,1,0,1,0,1,1,1,0,0,0,0,0,1,1,1,0,1,1,0
14092,1,1,0,0,0,1,1,0,1,1,0,0,1,0,1,1,1,0,0,1,1
14093,0,1,0,0,0,1,1,0,0,0,0,1,0,1,1,0,1,0,0,0,0
14096,1,1,0,0,0,0,1,1,1,1,1,0,0,0,0,1,0,1,0,1,0
14098,1,1,0,1,0,0,0,0,1,0,1,1,0,0,0,0,0,1,1,0,0
14099,1,0,0,0,1,1,0,1,0,0,0,0,1,0,0,1,1,0,1,0,1
14102,0,1,0,1,1,1,1,1,1,0,0,0,1,1,0,1,0,0,1,0,0
14110,0,1,1,0,1,0,0,1,0,1,1,0,0,1,1,0,1,0,1,1,1
14112,1,1,0,0,0,0,0,0,0,0,0,0,0,0,1,0,1,0,0,0,0
14113,1,1,0,1,1,1,0,1,0,0,0,1,0,1,1,0,1,0,0,0,1
14116,0,0,0,0,1,1,0,1,1,1,1,1,1,1,1,1,1,1,0,0,1
14121,1,1,1,1,0,1,0,1,0,0,0,1,0,0,0,1,1,1,0,1,0
14125,1,0,0,0,0,0,1,1,0,1,0,1,1,1,1,1,0,0,0,0,1
14126,0,0,1,0,0,0,0,1,0,1,0,0,0,0,0,0,0,1,0,1,0
14132,0,1,0,1,1,0,0,1,1,0,1,0,0,1,1,1,0,0,0,1,1
14135,0,0,1,0,1,0,0,1,1,0,1,1,1,0,0,0,1,1,1,1,1
14138,1,1,1,1,0,1,1,0,0,0,1,0,0,0,1,1,0,0,1,0,0
14146,0,0,0,0,1,0,0,0,0,1,0,0,1,1,0,1,0,0,0,1,1
14150,1,1,0,1,1,0,1,0,1,0,1,0,1,0,1,1,1,1,0,0,0
14156,1,1,1,1,1,0,0,0,0,1,0,0,0,0,0,1,0,0,1,1,1
14159,0,0,1,0,0,0,1,1,0,1,0,1,0,0,0,0,0,1,1,0,1
14174,0,0,1,1,0,0,0,0,0,1,0,1,1,1,1,0,1,0,0,0,0
14175,1,0,1,0,1,1,0,0,0,1,1,0,0,1,0,0,1,1,0,1,1
14178,0,1,0,1,1,1,0,1,0,0,1,0,1,0,0,0,0,1,1,0,1
14179,0,1,1,1,0,1,1,1,1,1,0,0,0,0,0,1,1,1,1,0,1
14188,0,1,1,0,0,1,0,0,1,1,1,1,1,1,0,0,1,1,0,0,0
14189,0,1,1,1,0,0,0,0,0,0,1,1,0,1,0,0,0,0,0,1,0
14191,0,0,1,0,0,0,1,1,1,0,1,0,1,0,0,1,1,0,0,0,1
14194,0,1,1,1,1,1,0,0,0,0,0,1,1,1,0,1,1,1,0,1,0
14204,1,1,1,0,1,0,0,1,1,1,1,0,0,0,1,1,1,1,0,0,1
14209,1,1,1,1,1,0,1,0,0,1,1,0,1,0,1,0,0,0,0,1,1
14211,0,0,0,0,1,1,1,1,1,1,0,0,0,0,0,1,0,1,1,0,0
14216,1,0,1,1,1,1,0,0,0,0,0,0,1,0,0,1,1,1,0,1,1
14217,0,0,0,1,0,1,0,1,1,1,1,1,0,1,0,0,1,1,1,1,1
14218,1,0,0,1,1,0,0,0,0,0,1,1,1,0,0,0,1,1,1,1,1
14227,0,1,1,0,1,0,1,0,1,0,1,0,0,1,1,0,0,0,0,1,0
14229,1,1,1,1,1,0,0,1,0,0,0,1,0,0,1,1,1,0,1,1,1
14232,1,0,0,1,1,1,1,0,1,1,1,1,0,1,0,1,1,0,0,0,1
14234,1,0,1,1,1,1,0,0,0,1,0,0,1,0,0,0,0,0,0,1,1
14240,0,1,0,1,0,0,0,0,1,0,0,0,1,0,0,0,0,0,1,1,0
14251,1,0,0,1,0,1,0,0,1,1,1,0,0,0,0,0,0,1,1,0,0
14258,0,1,1,1,0,0,0,1,1,0,1,1,1,1,1,1,0,0,0,0,0
14262,1,0,0,1,0,1,0,1,1,0,1,0,0,0,1,1,1,0,1,0,1
14273,1,1,1,1,1,0,1,1,0,0,0,0,0,0,1,0,0,1,1,1,1
14277,1,0,1,0,0,1,0,1,0,1,1,1,0,0,1,1,0,0,1,0,0
14282,0,1,0,1,0,1,1,0,0,0,0,1,1,1,0,0,0,1,1,0,1
14291,1,0,1,1,1,0,1,0,0,0,0,0,0,1,0,0,0,1,1,1,0
14292,0,1,0,0,0,1,0,0,1,0,1,0,0,0,0,0,1,1,1,0,0
14297,0,1,1,1,0,1,0,0,0,1,1,0,1,1,0,1,1,0,1,1,0
14298,0,1,0,1,0,0,1,0,0,0,0,0,1,1,0,1,0,0,1,1,1
14299,1,1,0,0,1,1,0,1,0,0,0,1,0,1,1,1,0,1,1,0,0
14309,0,1,0,1,1,1,1,1,1,0,0,1,1,0,0,1,1,0,1,1,0
14315,1,1,0,1,1,0,0,0,1,1,1,0,1,0,0,0,1,0,1,0,1
14317,1,0,1,1,0,0,1,0,0,0,0,1,0,1,1,0,1,0,0,1,0
14321,1,1,1,1,1,0,0,1,0,0,0,1,0,0,0,1,0,1,1,1,1
14329,1,0,1,0,0,0,0,0,0,1,1,1,1,0,1,1,0,0,1,0,1
14332,1,0,0,0,1,1,0,1,0,1,0,1,0,0,0,1,1,1,1,1,0
14336,1,1,1,1,1,0,0,0,1,0,1,1,0,1,1,0,0,1,0,1,1
14341,0,0,1,0,1,0,1,1,1,0,0,0,0,0,1,1,1,1,0,1,1
14342,0,1,0,1,0,0,1,1,1,1,0,1,1,1,0,1,1,0,1,0,0
14357,0,0,1,0,1,0,0,1,0,0,0,1,1,1,1,0,1,1,0,0,1
14359,1,1,0,0,0,0,0,1,0,1,0,1,0,0,0,0,0,0,0,1,0
14362,1,1,1,1,0,0,1,0,1,0,1,1,1,1,1,0,0,1,1,0,1
14367,0,0,0,1,0,1,0,1,1,0,1,1,0,1,1,0,0,0,1,0,0
14379,0,1,0,1,0,1,0,0,0,0,0,0,0,1,0,0,0,0,0,0,1
14382,1,0,0,1,0,0,1,1,0,0,1,1,1,1,0,1,0,0,0,0,0
14383,0,0,1,0,1,0,0,0,1,1,1,1,1,1,0,1,1,0,1,0,0
14385,1,1,0,0,0,0,0,1,1,0,0,1,1,1,1,0,0,1,0,0,1
14387,0,0,1,0,0,0,0,0,1,1,1,1,0,1,0,0,0,1,1,1,1
14388,0,0,0,1,0,1,0,1,0,1,0,1,0,1,1,1,1,0,0,0,0
14389,1,0,1,1,1,0,0,0,1,0,1,0,0,0,0,1,0,0,0,0,1
14390,0,1,1,1,1,1,0,0,0,1,0,1,0,1,0,1,1,1,0,1,1
14396,1,0,1,1,1,0,0,1,1,0,0,0,0,1,1,0,1,1,1,1,1
14397,0,0,0,0,0,1,0,1,1,1,0,1,1,0,0,1,1,0,1,1,1
14408,0,0,1,0,0,1,1,1,1,1,0,1,0,1,1,1,1,0,0,0,0
14415,1,1,0,1,0,1,1,0,1,1,1,1,0,1,0,0,0,1,1,0,1
14416,1,0,0,0,0,1,0,0,1,0,0,0,0,1,0,0,0,0,0,1,1
14418,1,0,1,1,0,1,1,1,0,0,0,1,0,0,0,0,0,1,0,0,0
14419,1,0,1,1,1,0,0,0,0,0,1,1,1,1,0,0,0,0,1,1,0
14422,1,0,0,0,1,0,1,1,0,0,0,0,1,1,0,0,0,1,0,0,0
14427,1,1,1,0,0,1,1,1,0,1,0,1,1,1,1,0,0,1,1,1,0
14428,1,1,0,1,0,1,1,0,1,0,1,1,1,0,1,0,0,0,0,1,1
14432,1,0,1,0,0,0,0,0,1,1,0,0,0,1,0,1,0,1,0,1,0
14440,1,1,0,1,1,0,0,1,1,0,1,0,0,0,1,1,1,0,0,1,1
14441,1,1,1,1,1,0,0,0,1,1,0,1,0,1,0,0,0,1,1,0,0
14443,1,0,0,0,0,1,0,0,1,0,1,0,1,1,1,0,0,1,0,0,0
14446,1,1,0,1,1,1,0,1,1,1,0,0,0,1,1,1,1,0,0,0,1
14447,0,1,0,0,1,0,0,1,0,0,1,0,0,1,1,1,0,0,0,0,1
14448,0,0,1,0,0,0,0,1,0,1,0,0,1,0,1,1,0,0,0,0,1
14449,1,0,0,0,0,0,0,0,0,0,1,1,1,0,1,0,1,0,1,1,0
14451,0,1,1,0,0,1,1,1,0,1,0,0,1,0,1,0,0,1,1,1,1
14456,1,1,1,0,0,0,1,0,1,0,1,1,0,1,1,1,0,1,1,1,0
14462,0,0,1,0,1,0,0,1,1,1,1,1,1,0,1,1,1,1,1,1,0
14467,1,0,0,1,1,1,1,1,1,1,1,1,1,1,1,1,1,0,1,1,1
14470,0,1,1,1,0,1,1,1,0,0,1,1,1,1,0,0,0,1,1,1,1
14477,1,0,0,1,1,0,0,1,0,0,0,1,1,1,1,1,0,1,0,1,1
14482,0,1,0,1,0,1,1,1,0,1,0,0,0,0,0,0,0,1,1,0,0
14484,0,0,0,0,1,0,1,1,1,1,0,0,0,1,0,0,0,0,1,0,0
14485,1,0,1,1,0,0,1,1,0,0,1,1,0,0,0,1,1,1,0,0,0
14487,1,0,1,1,0,1,1,1,1,1,0,0,0,1,1,0,0,1,1,1,1
14488,0,0,1,0,1,0,1,0,0,0,0,1,0,0,1,0,1,0,0,0,0
14493,1,1,1,1,0,1,1,1,0,0,0,1,0,0,1,0,0,0,1,0,0
14498,0,0,1,0,0,1,0,0,1,0,0,0,0,0,0,0,0,1,1,0,1
14499,1,1,1,1,0,0,1,0,0,1,1,1,1,0,0,1,0,1,0,1,1
14502,1,0,0,1,1,1,1,1,0,1,0,1,0,1,1,1,0,1,1,0,1
14503,0,1,1,0,1,0,1,1,1,0,1,0,0,1,1,0,0,0,1,1,0
14504,0,0,1,0,1,1,0,0,0,0,1,0,0,1,1,0,0,1,0,1,0
14505,1,1,0,1,0,1,0,1,1,0,1,0,1,0,1,1,0,1,1,1,0
14506,0,1,1,1,1,1,0,1,0,1,0,0,0,1,1,0,1,0,0,0,1
14511,1,0,1,0,1,1,1,1,0,1,1,0,1,0,1,0,0,1,0,0,1
14514,0,0,1,0,1,0,0,1,1,1,0,0,0,0,0,1,1,1,0,1,0
14515,0,1,0,0,0,1,0,1,1,1,0,1,0,1,0,0,1,0,1,0,1
14518,0,0,0,1,0,1,0,1,0,0,0,0,1,0,1,0,0,1,0,0,0
14520,1,1,0,1,0,0,1,0,1,0,1,0,1,0,0,1,0,1,0,1,1
14525,0,0,0,0,0,0,1,0,0,1,1,0,1,0,1,1,0,1,1,0,0
14527,0,1,1,0,0,0,1,1,1,1,1,0,0,0,1,1,1,0,1,0,1
14528,1,0,0,1,1,0,1,1,1,1,1,1,1,0,0,0,0,1,0,0,0
14529,1,0,0,0,1,1,1,0,1,1,0,1,0,0,0,1,0,1,0,0,1
14533,1,1,1,1,1,1,0,0,1,0,1,0,1,1,0,1,1,1,1,0,0
14534,1,1,1,0,1,0,1,1,0,0,0,0,1,1,1,1,1,1,0,1,0
14540,0,1,0,1,0,0,1,1,0,0,0,0,1,1,1,0,1,0,1,0,0
14546,1,0,0,1,1,1,0,0,1,0,0,1,0,1,0,1,0,1,0,0,1
14547,0,1,0,0,0,0,1,1,0,0,0,1,0,0,0,1,1,0,1,0,0
14550,1,0,1,0,0,0,1,0,1,0,0,1,1,0,1,1,0,0,0,0,1
14553,0,0,0,1,1,1,0,1,0,0,0,0,1,0,1,1,1,1,1,0,0
14554,0,0,0,1,1,1,0,1,1,0,1,0,0,1,1,0,0,0,0,0,1
14555,0,1,1,1,0,0,1,0,0,1,1,1,0,1,1,1,0,1,0,1,1
14560,0,0,1,1,1,1,0,1,0,0,1,0,0,0,1,1,0,1,0,0,1
14562,0,0,1,1,1,0,0,1,0,1,0,1,1,1,1,1,1,1,1,1,1
14572,0,0,1,1,1,0,1,0,1,1,1,0,1,1,0,1,1,0,0,0,1
14583,0,0,1,0,1,0,0,0,1,0,1,1,0,1,1,1,1,0,1,1,0
14587,0,0,1,1,0,1,1,0,0,1,0,0,0,1,0,0,1,0,1,1,1
14591,0,0,1,0,1,0,1,0,1,1,0,0,1,1,1,1,1,1,0,1,1
14592,0,0,0,0,0,1,0,1,0,1,0,0,1,1,1,1,0,0,1,1,0
14593,0,1,0,1,1,0,1,0,0,0,0,1,1,0,1,1,1,0,1,1,1
14594,0,0,0,0,1,1,0,1,1,0,0,0,1,0,0,1,0,1,1,0,1
14595,0,0,1,1,1,0,1,0,1,1,0,1,1,1,1,1,1,1,0,1,1
14597,0,0,0,0,1,1,1,1,0,0,1,0,0,0,1,1,1,0,0,0,1
14598,1,1,1,0,1,1,1,1,0,0,1,1,0,0,1,1,1,0,1,0,0
14606,0,0,1,1,1,1,0,0,0,1,1,0,1,0,1,0,0,0,0,0,1
14607,0,1,0,0,0,0,0,0,1,0,1,1,0,0,1,0,0,1,0,1,0
14621,0,1,0,1,0,1,0,0,0,0,1,0,0,0,1,1,1,0,1,0,0
14624,1,1,1,0,1,1,0,1,1,0,1,1,0,0,1,0,1,0,0,0,1
14626,1,0,1,0,0,0,1,1,1,1,0,1,0,0,0,0,1,0,0,1,1
14638,1,0,0,0,0,1,1,0,0,1,1,1,0,0,1,1,0,1,1,0,1
14639,1,1,1,1,1,1,0,1,1,0,0,0,0,1,1,1,1,1,0,1,1
14646,0,1,1,0,0,0,0,1,1,0,0,0,0,0,0,0,1,0,0,0,1
14649,1,1,1,1,0,1,1,1,0,1,1,0,0,1,1,0,1,1,0,1,1
14651,1,1,1,0,0,0,1,0,0,1,0,1,1,0,1,1,0,1,1,1,1
14653,1,1,0,1,1,0,0,1,1,1,0,1,1,0,1,1,0,0,0,1,0
14655,0,0,1,1,1,0,1,0,1,0,0,0,0,0,1,1,1,1,0,1,1
14657,1,1,0,0,0,1,0,0,1,1,0,0,0,1,1,1,1,0,1,0,0
14659,1,0,1,0,0,0,0,0,0,1,1,1,0,1,1,1,1,1,1,1,1
14662,1,1,0,0,0,1,0,1,0,0,0,1,1,0,1,0,0,0,0,0,1
14664,0,0,0,0,1,1,1,1,1,0,1,1,1,0,0,0,0,0,1,1,0
14665,0,0,1,1,0,1,0,1,0,1,0,0,0,0,0,1,0,1,1,0,0
14667,0,0,1,1,1,0,1,1,0,1,0,1,0,1,0,0,1,1,1,1,1
14673,0,1,0,1,0,0,0,1,1,0,1,0,1,0,1,1,1,0,0,1,0
14675,1,0,1,1,1,0,1,0,1,1,0,1,1,1,0,1,1,0,0,0,0
14680,0,0,0,0,1,0,1,1,1,0,0,1,0,1,0,0,0,1,1,0,0
14684,1,1,0,1,1,0,0,1,1,0,0,1,0,1,1,0,1,0,1,0,1
14688,1,0,1,0,1,0,0,1,1,0,0,0,1,1,0,1,0,1,0,0,0
14690,1,0,1,0,0,0,0,0,0,1,1,0,1,0,1,1,0,1,1,0,1
14701,0,1,0,1,0,1,0,0,0,1,1,0,0,0,1,0,0,0,1,0,1
14703,0,1,0,0,1,0,0,0,1,0,1,1,0,0,1,1,1,0,0,0,0
14704,0,0,0,0,0,1,0,0,1,0,1,1,0,0,1,1,0,1,1,1,1
14708,0,1,0,0,0,1,0,1,1,1,0,1,1,0,0,0,0,0,0,0,1
14709,0,0,0,0,1,0,0,0,0,1,1,0,1,0,0,0,1,1,1,0,1
14710,0,0,0,0,1,0,1,1,1,1,0,0,1,0,1,1,0,0,1,0,1
14711,0,1,0,0,1,1,0,1,0,0,1,0,1,0,1,0,0,1,0,0,0
14713,0,0,0,1,1,1,0,1,1,0,0,1,1,0,1,0,0,1,0,1,0
14714,0,1,1,1,1,1,1,0,1,0,0,1,0,1,0,1,0,1,0,0,0
14719,0,0,0,0,0,1,0,0,1,1,0,1,1,1,0,0,0,1,0,0,1
14723,1,1,1,0,1,1,1,1,1,0,1,1,0,0,1,1,1,0,0,1,1
14725,0,1,1,1,0,0,0,1,1,0,0,0,1,0,0,0,0,0,1,0,0
14730,0,1,0,1,1,0,1,1,1,0,1,1,1,1,0,1,1,1,0,0,1
14735,1,1,1,0,0,1,1,1,1,1,0,0,0,1,1,0,0,1,0,0,0
14739,0,1,0,0,0,0,0,1,1,1,0,1,1,0,0,1,1,1,0,1,0
14744,0,1,1,1,0,0,0,0,0,1,0,1,0,1,0,0,0,0,1,1,0
14752,1,1,0,0,1,1,0,1,0,0,0,0,1,1,1,1,0,1,1,1,0
14754,1,1,0,1,0,0,1,0,0,0,1,0,0,1,0,1,0,0,0,0,0
14755,0,0,0,0,0,0,1,1,1,0,1,1,0,1,1,1,1,1,1,0,0
14780,1,1,0,1,1,1,1,0,0,0,0,0,0,1,1,0,1,0,1,1,0
14788,1,1,0,0,1,0,0,1,0,0,0,1,1,1,1,0,1,0,1,0,1
14790,1,1,1,1,1,0,0,0,0,0,0,0,0,1,1,1,0,1,1,0,1
14796,1,1,0,0,1,0,1,1,1,1,1,1,0,0,0,1,0,1,1,1,0
14810,1,0,0,0,0,0,1,1,1,1,1,0,0,1,1,1,1,1,0,1,0
14824,0,1,1,1,1,1,0,0,0,0,0,0,0,1,0,1,1,0,0,1,0
14825,1,1,1,0,1,1,1,0,1,1,1,0,1,0,1,1,1,1,0,0,0
14830,1,0,0,1,1,0,0,1,0,0,0,1,1,1,0,0,0,1,1,0,1
14834,0,0,0,1,0,0,0,0,0,0,1,1,1,1,0,0,1,0,0,0,0
14841,1,0,1,0,1,1,0,1,0,0,1,0,0,0,0,0,1,1,0,1,1
14842,0,1,0,1,1,1,0,1,1,0,0,0,0,0,0,0,1,0,0,1,1
14844,0,0,0,0,0,1,1,1,0,0,0,1,1,0,0,0,0,1,0,1,0
14849,0,0,1,0,1,1,0,1,1,0,1,0,0,1,0,1,1,1,1,0,0
14852,1,1,0,0,0,1,1,0,1,1,0,1,0,1,0,0,1,1,1,1,1
14856,0,0,1,0,0,1,1,1,1,0,0,0,0,1,1,1,1,1,1,0,0
14857,0,1,0,0,1,0,1,1,1,1,1,1,0,0,1,1,1,1,0,1,0
14859,0,1,0,0,1,0,0,1,1,1,0,1,0,0,0,0,0,1,1,1,1
14860,1,1,0,1,0,0,0,0,0,1,1,0,0,0,1,0,0,0,0,0,0
14866,0,1,0,1,0,0,0,0,0,0,1,1,0,0,1,0,1,1,0,1,0
14871,1,1,0,1,0,1,1,1,1,1,0,0,1,0,1,0,0,0,0,1,1
14883,0,1,0,0,0,0,1,0,1,0,0,0,1,0,1,0,0,1,0,1,1
14893,0,1,0,0,1,0,1,0,0,0,0,1,0,1,0,0,1,1,0,1,0
14895,1,1,1,0,1,1,1,0,1,0,0,0,0,1,1,0,1,0,0,0,1
14897,1,1,1,0,1,0,0,0,1,0,1,1,0,1,1,1,1,0,1,1,1
14898,1,0,1,1,0,0,1,0,0,1,0,1,1,1,0,1,1,0,1,1,0
14902,0,1,1,1,0,0,1,1,1,1,1,0,1,1,1,0,1,1,1,1,0
14903,1,0,1,1,1,0,0,1,0,0,1,0,1,1,0,1,1,1,1,0,0
14907,1,0,0,0,0,0,1,0,1,1,0,0,0,1,0,0,0,1,1,0,0
14910,0,1,1,0,0,0,1,1,0,1,1,1,0,0,0,1,1,0,0,0,0
14911,1,0,1,1,1,0,1,0,0,1,1,0,0,1,1,1,1,1,0,0,1
14912,0,0,1,1,0,0,1,0,1,0,0,0,1,1,0,0,1,1,1,0,1
14923,1,0,1,0,1,0,1,1,1,1,1,1,1,1,1,1,0,1,1,0,1
14936,0,1,0,1,1,1,1,0,0,0,0,0,0,0,1,0,1,0,1,0,0
14937,0,0,1,0,0,0,0,1,0,0,1,1,1,0,1,0,0,1,1,1,0
14950,0,0,0,1,1,0,1,1,0,1,0,1,1,1,1,0,1,1,1,0,1
14953,1,1,0,1,1,0,1,1,0,0,1,1,0,0,1,0,0,0,1,0,0
14954,1,0,0,0,1,0,0,0,0,0,0,1,1,0,0,1,0,1,0,1,0
14959,1,0,0,1,0,0,1,0,0,1,1,1,0,0,0,0,1,1,1,1,1
14960,1,0,0,1,0,0,1,1,1,1,0,0,1,1,0,0,0,1,0,1,0
14961,0,1,1,1,1,1,0,1,1,0,1,0,0,1,0,1,0,1,0,1,0
14963,1,1,1,0,1,0,0,1,1,1,0,0,0,1,1,0,0,0,0,1,1
14968,0,0,1,0,0,1,1,1,1,0,1,1,0,0,1,1,0,1,1,1,1
14971,1,0,1,0,1,0,1,1,0,1,0,1,1,0,1,0,1,0,1,1,0
14974,1,1,0,1,1,1,0,1,0,0,0,1,1,0,1,1,0,1,0,0,0
14976,0,1,0,0,0,1,0,1,0,1,1,0,1,1,1,1,0,1,1,0,0
14984,1,1,0,0,1,0,0,1,0,1,0,1,1,1,1,0,0,1,0,1,1
14987,0,1,0,0,1,0,1,1,1,0,0,0,0,1,1,0,0,0,0,1,1
14995,0,1,1,1,1,0,1,1,0,0,0,1,1,0,0,0,0,1,0,1,0
15000,0,1,1,0,1,1,1,0,0,0,0,1,0,0,1,0,1,1,0,1,1
15005,0,1,0,1,1,0,1,0,0,0,1,0,1,1,1,1,0,0,1,1,1
15006,0,0,1,0,1,0,1,1,0,1,1,0,0,0,1,1,0,0,0,1,0
15009,1,1,0,0,1,0,1,1,1,0,1,0,1,0,0,0,1,0,0,1,1
15012,0,1,0,1,1,0,1,1,0,0,1,0,0,1,0,1,1,0,1,0,0
15014,0,0,1,0,1,1,1,0,0,1,0,1,0,1,1,1,0,1,0,0,1
15018,0,0,1,0,1,1,0,1,0,0,1,1,0,0,1,0,1,0,1,1,1
15021,1,1,1,0,1,0,0,1,0,1,1,1,0,0,1,1,1,0,0,0,1
15022,0,0,0,0,1,0,0,1,0,1,0,1,0,0,0,0,0,1,0,1,0
15023,0,1,1,1,1,0,1,0,0,1,0,1,1,1,1,0,1,1,1,0,0
15024,1,1,0,0,1,0,0,0,0,1,1,1,0,0,0,1,0,0,1,1,1
15025,1,0,0,0,1,1,0,1,1,1,0,1,1,0,1,0,0,1,1,0,1
15031,0,0,1,1,0,0,0,0,1,1,1,0,1,1,0,0,1,1,0,0,0
15033,0,1,0,1,0,1,0,0,0,0,1,0,0,1,0,1,1,1,1,1,0
15034,1,0,1,0,0,0,1,0,0,0,1,1,0,0,1,1,1,1,1,1,0
15038,0,0,1,1,0,0,1,0,1,0,0,0,0,1,0,1,1,1,1,1,0
15039,0,1,1,1,0,1,1,1,1,1,1,1,1,0,0,0,1,0,1,1,0
15043,1,1,0,1,1,0,0,0,1,0,1,1,1,0,0,1,0,1,1,1,1
15044,1,1,1,0,0,1,0,1,0,0,0,1,1,0,1,1,1,0,1,0,0
15046,1,0,1,0,1,1,0,1,0,1,1,1,1,1,1,1,1,1,0,1,0
15050,1,0,0,0,1,0,1,1,0,0,1,1,1,0,0,1,1,0,0,1,0
15051,0,1,0,0,0,0,0,1,1,1,1,0,1,1,0,0,1,0,1,1,0
15059,1,0,0,0,1,0,1,1,1,1,0,0,1,1,1,0,1,0,0,0,0
15060,0,0,0,0,0,1,1,1,0,1,0,0,1,1,0,1,1,0,0,0,1
15066,0,1,0,1,0,1,0,1,0,0,1,1,1,1,1,0,1,1,1,0,0
15068,1,0,1,1,0,1,1,1,1,0,0,1,0,1,0,1,1,0,1,0,0
15078,0,1,0,1,0,0,0,1,0,0,1,1,0,0,0,1,1,1,1,1,1
15081,0,1,1,0,0,0,0,1,1,0,0,1,1,0,1,1,1,1,1,0,0
15088,0,1,0,1,0,1,1,1,1,0,1,1,0,0,0,1,1,0,1,1,0
15091,1,0,1,1,1,0,0,1,0,0,1,0,0,1,0,1,1,0,0,1,1
15093,0,1,0,0,0,0,1,0,0,1,0,1,0,0,1,0,0,0,0,0,1
15096,0,1,0,0,1,1,0,1,1,1,1,1,0,1,0,0,0,1,0,0,1
15110,1,0,1,0,1,0,1,1,0,0,0,0,0,0,0,1,1,1,1,0,1
15113,1,0,1,1,1,0,0,0,1,0,1,0,0,0,1,1,0,1,1,1,1
15117,0,1,1,1,0,1,1,1,1,0,1,1,0,0,0,0,1,1,1,1,0
15123,1,1,0,0,1,1,1,0,1,0,0,0,0,1,1,1,0,1,1,1,1
15128,1,1,0,1,1,1,1,0,1,0,0,0,0,1,1,0,1,0,0,0,1
15129,0,1,1,0,1,0,0,1,1,0,1,0,0,1,1,1,1,0,1,0,0
15132,0,0,1,1,0,0,0,0,1,0,1,1,0,0,1,1,1,1,1,0,1
15134,0,0,0,0,1,1,1,1,1,1,0,1,0,1,0,1,1,1,0,1,0
15136,0,1,0,1,1,0,0,0,1,1,1,0,1,1,0,1,0,0,1,0,0
15142,0,0,0,0,0,0,0,0,1,1,0,0,1,0,0,1,0,0,0,1,0
15144,0,0,0,0,1,1,0,0,0,0,1,1,1,0,1,0,0,0,1,1,1
15145,0,1,1,1,1,1,1,1,1,0,1,0,1,1,1,1,0,1,0,1,1
15150,0,0,1,1,1,1,0,0,0,1,0,0,0,1,1,1,1,0,1,1,0
15152,1,0,1,1,0,1,1,1,0,0,0,0,1,0,0,1,1,0,1,0,0
15156,1,0,1,1,1,0,1,1,1,0,1,0,1,1,0,0,0,0,0,1,1
15159,1,1,1,0,0,0,0,1,0,1,0,1,0,1,0,0,0,1,1,0,0
15163,0,0,0,0,0,1,1,1,0,1,1,0,0,1,1,0,1,0,0,0,0
15164,1,0,1,1,1,0,1,1,1,0,0,1,0,1,1,1,1,1,0,1,0
15179,1,0,0,1,0,1,0,0,0,0,0,1,1,0,1,1,0,0,0,0,1
15184,1,1,1,1,0,1,1,0,1,1,0,1,0,0,0,1,0,1,1,0,0
15187,1,0,1,1,0,1,1,0,0,1,0,1,0,0,0,1,0,1,1,1,1
15189,1,0,0,1,1,0,0,0,1,1,0,1,0,1,1,0,1,1,1,0,1
15194,1,0,0,1,0,1,1,1,1,1,0,1,0,1,0,1,1,1,0,0,0
15197,1,0,0,1,1,1,1,0,0,0,0,0,1,0,1,1,0,0,0,0,1
15203,0,1,1,0,1,1,0,0,0,1,1,0,1,0,1,1,1,0,0,1,0
15218,1,1,1,1,0,1,1,0,1,1,1,1,1,1,0,0,1,0,0,0,1
15227,1,1,0,0,0,0,0,1,0,1,0,1,1,0,1,0,0,1,1,1,1
15241,0,1,0,0,0,1,0,0,0,1,0,0,1,1,1,1,0,1,1,1,1
15244,0,1,0,1,1,1,0,1,0,0,1,0,0,1,1,1,0,1,1,0,1
15249,0,0,1,0,0,0,1,0,1,1,1,0,1,1,0,0,1,0,1,1,0
15264,0,1,1,1,1,1,0,1,0,1,0,1,0,0,1,1,0,0,1,0,0
15271,1,1,1,1,0,0,0,0,1,0,1,1,1,0,1,1,1,1,1,0,1
15272,0,0,1,1,0,0,1,0,1,1,1,0,0,1,0,0,0,0,1,1,1
15274,1,1,1,1,0,1,1,0,1,0,1,0,1,1,0,0,0,0,1,0,1
15275,0,1,0,0,0,1,0,1,0,1,1,0,0,0,0,0,1,1,0,1,0
15276,1,0,0,1,0,0,0,0,1,0,1,1,1,1,0,1,1,1,0,1,0
15290,0,1,0,0,1,1,1,1,1,1,0,1,0,0,0,1,1,1,0,1,1
15291,1,0,0,1,0,1,0,1,0,0,1,0,0,1,0,1,1,0,1,0,0
15296,1,0,0,0,0,0,0,0,0,1,1,1,0,1,1,0,0,0,1,1,0
15297,1,1,0,0,0,1,0,1,0,0,0,0,0,0,1,0,0,1,0,0,1
15298,1,0,0,0,0,1,0,0,0,1,0,0,0,1,0,0,1,0,0,0,1
15306,1,1,1,0,0,0,1,1,1,0,1,1,1,1,1,1,0,1,1,0,1
15311,0,0,0,1,0,0,1,0,0,1,1,0,1,1,1,1,0,0,0,1,1
15315,1,0,0,1,0,1,1,0,0,1,1,0,1,0,1,1,1,1,1,1,0
15320,0,0,0,1,1,0,1,0,0,1,0,1,1,0,0,0,0,0,0,0,0
15327,1,1,0,1,1,1,1,0,1,0,0,0,0,0,0,0,1,1,1,1,0
15329,0,0,0,1,1,1,0,0,0,1,1,0,0,0,1,1,0,1,0,1,1
15335,1,1,1,0,0,1,1,1,0,0,0,1,0,0,0,0,1,1,1,0,0
15344,0,1,1,0,0,1,0,1,1,1,0,1,0,1,0,0,0,0,1,0,0
15351,1,1,1,0,0,0,1,1,0,0,0,1,0,1,0,0,1,1,0,1,1
15360,0,0,1,1,0,1,0,0,0,1,0,1,1,1,0,1,0,0,0,1,0
15365,0,0,1,1,1,1,1,0,1,1,1,1,1,0,0,1,0,0,0,1,0
15367,1,0,0,1,1,0,0,0,0,0,1,1,1,0,1,0,0,1,1,0,0
15382,1,1,1,0,1,0,1,0,0,0,1,0,1,1,0,1,1,0,1,1,1
15385,0,1,1,0,1,1,0,1,1,1,1,0,0,0,1,1,1,1,0,1,0
15393,1,1,1,0,1,0,0,1,1,1,0,0,1,1,1,1,0,1,0,1,1
15394,1,1,0,0,0,0,0,0,1,1,1,0,0,1,0,0,0,0,1,1,0
15398,1,0,0,0,0,1,1,1,1,0,1,1,1,0,0,1,1,0,1,1,1
15399,0,0,0,0,1,0,0,0,0,1,1,1,1,1,0,1,0,0,0,1,0
15406,1,0,1,0,1,0,1,0,0,1,1,0,0,0,0,0,1,1,1,1,1
15407,1,1,0,0,0,1,0,1,0,0,1,1,0,1,1,1,0,0,1,0,0
15411,0,0,1,0,1,0,0,0,0,1,0,0,0,1,0,1,0,1,0,0,1
15414,1,1,1,1,1,1,1,0,0,1,1,0,0,1,1,0,1,1,1,0,1
15416,1,1,0,1,0,0,0,1,1,1,0,0,0,0,1,1,0,0,0,1,0
15421,0,0,1,1,1,1,0,1,0,1,1,0,0,1,1,0,1,0,1,0,0
15426,1,1,0,1,0,0,1,0,1,0,0,0,0,0,1,1,1,0,1,1,0
15427,0,0,1,0,0,0,1,0,1,0,1,0,0,1,0,1,1,0,0,0,0
15428,0,0,0,0,0,0,0,0,0,0,1,0,0,1,0,0,0,0,0,1,0
15429,1,0,1,1,0,0,1,1,1,0,0,1,0,1,1,1,1,0,0,1,1
15435,0,0,1,1,0,0,1,1,1,0,0,1,1,1,1,0,1,0,0,0,0
15436,1,1,1,0,1,1,1,1,1,1,1,1,1,1,0,1,1,0,1,0,0
15440,1,1,0,1,0,1,0,1,1,0,0,1,1,1,1,1,0,1,1,0,0
15443,0,1,0,0,0,0,1,1,1,0,1,0,1,1,0,0,1,0,1,1,1
15444,1,1,1,1,1,0,1,1,0,0,1,0,1,1,1,0,1,0,0,1,0
15450,0,1,0,1,1,0,0,1,0,0,0,0,1,0,0,0,1,0,1,1,0
15452,1,0,1,0,0,1,0,1,1,0,1,1,0,0,0,1,0,1,0,0,1
15453,1,1,0,0,0,1,0,1,1,0,0,0,0,0,0,1,0,0,1,1,1
15465,1,0,1,1,1,1,1,1,1,0,1,0,0,0,0,1,1,0,1,1,0
15467,0,1,0,1,0,1,0,0,1,1,0,1,1,0,1,1,0,1,1,1,0
15471,0,1,0,1,0,1,1,0,1,1,0,1,1,1,1,0,1,0,0,1,1
15478,0,1,1,0,1,0,1,0,0,1,1,0,0,1,1,1,0,0,0,1,0
15482,0,1,1,0,1,0,1,0,1,0,0,1,0,0,0,0,1,1,1,0,1
15484,0,0,1,1,1,1,0,0,0,1,1,1,1,0,0,0,1,0,1,0,0
15489,0,0,1,0,1,0,1,0,0,1,1,0,1,0,1,0,1,0,0,1,1
15493,1,0,0,1,1,1,0,1,1,0,0,0,0,1,1,1,1,0,1,0,1
15498,0,0,1,0,0,0,1,0,0,0,1,0,0,0,1,1,0,1,1,1,0
15502,0,1,1,1,0,1,0,0,1,0,0,0,0,0,0,1,1,1,1,1,1
15506,0,0,0,0,0,0,0,0,1,1,1,0,1,1,0,1,0,0,0,1,0
15511,0,0,1,0,0,0,0,1,1,1,1,0,1,1,0,1,1,1,1,1,0
15513,0,0,1,1,0,0,1,0,0,0,1,0,1,0,0,1,1,0,0,1,1
15518,1,1,1,1,1,0,0,0,1,0,1,0,1,0,1,0,0,0,0,1,1
15525,1,0,1,0,0,0,1,0,1,0,1,1,0,1,0,0,1,0,0,1,0
15527,0,1,1,1,0,1,0,1,0,1,0,1,1,0,0,1,0,0,1,1,1
15529,1,1,0,1,1,1,0,1,1,1,1,0,0,0,1,1,0,0,0,0,1
15531,1,1,0,0,1,0,1,1,0,0,0,0,0,0,1,1,0,0,1,0,0
15545,0,1,1,1,0,0,0,0,1,0,1,0,0,0,1,1,1,0,0,0,0
15547,0,0,1,1,0,0,0,0,0,0,1,0,0,1,1,1,0,0,0,1,1
15550,0,1,1,1,0,0,0,1,0,0,1,1,1,1,1,0,1,1,1,0,1
15551,0,0,0,0,1,0,1,0,0,0,0,1,1,0,0,1,0,0,1,0,1
15553,0,1,0,0,0,0,1,0,0,0,1,1,0,0,0,1,0,0,0,1,0
15555,1,1,1,1,0,0,0,1,0,0,0,1,0,0,1,0,1,1,0,0,0
15570,0,1,1,0,0,1,1,1,0,0,0,0,1,0,0,0,1,0,1,1,0
15571,0,1,1,0,1,0,1,0,0,1,0,0,1,0,1,1,0,0,1,1,1
15573,1,0,0,0,1,1,1,1,1,1,0,0,0,0,1,0,0,1,0,1,1
15576,0,0,1,1,0,1,1,1,1,0,0,0,1,1,0,0,1,1,1,0,1
15582,0,0,1,1,0,1,1,0,1,1,0,1,1,1,1,1,0,1,0,1,0
15584,1,1,1,1,1,0,1,1,0,1,1,0,1,0,0,0,0,0,1,0,1
15592,1,0,0,0,0,0,1,1,0,1,1,1,0,0,0,1,0,0,0,1,0
15598,1,1,0,1,0,0,1,1,0,0,1,0,0,1,0,1,1,0,0,1,0
15599,0,0,0,1,1,1,0,1,0,1,0,0,1,0,0,0,1,1,0,1,0
15601,0,1,0,0,1,0,1,1,0,1,0,1,1,1,0,0,1,0,0,0,0
15602,1,1,0,0,0,1,0,1,1,1,1,1,1,0,0,0,0,0,1,0,0
15604,0,1,1,0,1,0,0,0,0,0,0,0,1,1,1,1,1,0,0,1,1
15605,0,0,0,1,1,1,0,0,0,1,0,0,0,0,0,0,1,1,1,1,1
15606,0,1,0,0,1,0,0,0,1,0,0,0,1,0,0,1,1,1,1,0,1
15610,0,0,0,1,1,0,0,0,1,1,1,0,0,0,0,0,0,0,0,0,1
15615,0,1,1,0,1,1,0,1,0,1,0,0,1,1,1,0,1,1,1,1,1
15618,0,1,0,1,0,1,0,1,1,0,0,0,1,0,1,0,1,1,1,1,1
15620,1,1,0,0,1,1,0,0,1,0,0,1,1,0,0,1,0,0,0,1,0
15621,1,1,1,0,0,0,1,0,1,1,1,1,0,0,0,0,1,1,0,0,0
15628,0,0,0,1,1,1,1,0,1,1,1,0,1,1,1,1,1,1,0,0,1
15630,0,0,0,1,0,0,0,0,1,1,1,1,0,1,1,1,0,1,1,1,1
15640,1,0,0,1,0,1,1,1,1,1,0,1,0,0,1,0,1,0,0,1,0
15645,0,1,0,1,1,1,1,0,0,1,1,1,1,1,0,1,0,0,1,0,1
15660,0,0,1,1,1,0,1,0,1,1,0,1,1,1,0,0,1,1,0,1,0
15664,0,1,1,1,0,0,0,0,1,0,1,0,1,1,0,0,0,1,1,0,0
15676,0,0,0,0,0,0,0,1,0,0,1,0,0,1,1,1,1,0,0,0,0
15677,1,1,0,0,1,1,0,0,0,1,1,1,0,1,0,1,1,1,0,1,0
15678,1,0,1,0,0,1,1,1,0,0,0,1,1,0,0,0,1,1,0,1,1
15679,0,0,0,1,1,1,1,0,1,1,0,1,1,1,0,0,0,0,1,1,0
15680,1,1,1,0,1,1,1,0,1,0,0,0,1,1,0,0,1,0,1,1,0
15687,1,0,1,1,1,1,1,0,0,0,0,1,0,1,0,0,0,0,0,1,0
15692,0,0,0,0,1,0,0,0,1,1,0,1,0,0,0,0,1,1,1,0,0
15696,1,1,1,0,0,1,1,0,0,1,0,1,1,0,1,0,1,1,1,1,1
15707,1,0,0,0,1,1,1,1,1,1,0,0,0,0,0,1,1,1,0,0,0
15708,0,0,1,0,0,1,0,0,1,1,1,0,1,0,0,0,1,1,1,1,0
15712,0,0,0,1,0,1,0,1,1,0,1,1,0,1,0,0,0,0,0,1,1
15719,0,1,1,1,1,0,1,1,0,0,0,1,1,0,1,0,0,1,1,0,1
15720,0,0,0,0,1,0,0,1,1,0,1,1,1,1,1,1,1,1,0,1,1
15721,0,0,1,1,0,0,0,0,0,1,0,0,1,1,1,1,1,1,1,0,1
15725,0,1,0,0,0,0,0,1,0,1,0,1,1,1,1,1,1,0,1,1,1
15727,0,0,1,1,0,1,0,1,0,1,1,0,1,0,0,1,0,1,0,1,1
15738,1,0,0,1,1,0,0,1,0,0,0,1,0,1,1,1,1,0,1,1,0
15743,1,1,0,0,0,0,0,0,0,1,0,0,1,1,0,0,1,0,1,0,1
15747,0,0,0,0,1,0,0,0,0,0,0,0,1,0,1,1,0,1,1,1,0
15748,1,0,1,1,1,0,0,0,1,0,0,0,0,0,0,1,1,1,0,0,0
15750,0,1,0,0,1,1,1,1,0,1,0,0,0,0,1,1,0,0,1,0,1
15752,0,1,0,1,1,1,0,0,0,0,0,1,0,0,1,0,1,1,1,0,0
15755,0,1,1,0,1,0,0,0,0,0,1,0,1,0,0,1,1,1,0,1,0
15756,0,1,1,0,1,1,0,0,1,0,0,1,0,1,1,1,1,0,0,0,0
15757,0,1,0,1,0,1,0,0,0,1,1,0,0,1,0,0,1,0,0,1,0
15762,1,0,1,1,0,0,1,1,1,0,1,0,0,0,1,1,1,1,0,0,0
15769,0,0,1,1,0,0,0,1,0,0,0,1,1,0,1,1,1,0,1,0,0
15773,0,0,1,1,1,1,1,0,1,0,0,1,1,1,1,0,0,0,0,0,0
15774,0,0,0,0,1,0,0,1,0,0,0,0,0,0,0,0,0,0,0,0,1
15781,0,0,1,0,1,0,1,1,1,0,1,1,0,0,1,1,0,1,1,1,1
15783,0,1,0,1,0,1,0,0,0,1,0,1,0,0,1,1,1,1,0,1,0
15785,1,0,0,1,0,1,0,1,0,1,0,0,0,0,1,1,0,0,0,0,1
15786,1,1,1,1,1,1,0,0,0,0,1,0,1,0,1,1,1,1,0,0,1
15787,0,0,0,1,1,0,0,0,0,1,0,0,1,0,0,0,1,0,1,1,1
15791,0,0,1,0,1,1,1,1,1,1,1,0,1,1,1,1,1,0,0,0,1
15793,0,0,1,1,0,0,0,1,1,0,0,1,1,1,1,1,1,1,0,1,0
15796,1,1,1,0,0,0,0,1,0,1,1,1,1,0,0,0,1,0,0,0,1
15801,1,1,1,1,0,1,1,1,0,0,0,1,1,1,0,1,0,1,1,0,1
15803,1,0,1,0,1,0,1,0,1,1,1,1,0,0,0,1,0,0,1,0,0
15804,1,0,0,1,0,1,1,0,1,1,1,1,0,1,0,1,0,0,1,0,0
15805,1,1,1,1,0,1,1,1,1,0,1,0,1,0,0,1,0,0,0,0,0
15811,1,1,1,1,1,0,0,1,1,1,1,1,1,0,1,0,1,1,1,1,1
15814,0,0,0,0,1,0,0,1,1,0,1,0,1,1,0,1,0,1,0,0,1
15819,1,0,0,1,1,1,1,1,1,1,0,0,1,0,1,1,0,0,0,0,0
15821,1,1,0,1,1,0,1,1,0,0,1,1,0,1,0,0,1,1,1,1,0
15822,0,0,0,0,1,0,1,1,0,1,0,1,1,0,1,0,0,1,0,1,1
15826,1,0,0,1,1,1,1,0,1,0,1,0,1,1,1,1,1,1,1,0,1
15830,1,0,0,1,0,1,0,0,1,1,0,1,0,1,0,0,1,0,1,0,0
15836,0,0,1,0,0,1,0,1,1,0,0,1,0,1,1,0,0,0,1,0,0
15838,1,1,0,1,1,1,1,1,0,0,1,1,1,0,0,1,1,1,1,1,0
15839,1,0,1,1,1,0,1,1,0,1,1,0,1,1,0,1,0,0,1,0,0
15845,0,1,0,1,1,0,0,1,1,0,1,0,0,1,0,0,0,0,1,0,0
15847,1,0,0,1,1,0,0,1,0,0,0,0,0,0,0,0,0,1,1,1,1
15850,1,0,1,1,1,1,0,1,0,1,1,1,1,0,0,0,0,1,0,1,1
15853,0,1,1,0,0,1,1,1,0,1,0,0,1,0,0,1,0,1,0,1,1
15854,1,0,0,1,1,1,1,1,0,1,1,1,1,0,0,1,1,1,0,1,1
15856,1,0,0,0,1,1,0,1,1,0,0,1,1,0,1,0,1,1,1,1,0
15857,0,1,1,0,1,1,0,0,0,0,1,0,1,1,0,0,0,0,0,1,1
15858,0,0,1,0,0,1,1,1,1,1,0,0,1,1,1,0,0,0,1,1,0
15861,1,0,1,1,1,0,0,1,1,0,0,1,1,0,1,0,0,1,0,0,0
15862,1,1,0,1,1,1,1,0,1,1,1,0,1,1,0,1,0,1,1,0,1
15867,1,0,0,1,1,0,1,1,0,1,1,0,0,1,1,1,0,1,1,0,0
15870,1,0,1,0,1,1,1,0,1,1,0,1,0,1,0,0,1,0,0,0,1
15872,1,0,0,0,0,0,1,1,1,0,1,0,0,1,0,0,0,1,0,1,0
15874,1,1,1,1,1,0,0,0,0,0,1,1,0,1,1,0,1,0,1,0,1
15877,1,0,1,0,0,1,0,1,0,0,1,1,1,0,0,1,1,0,1,0,0
15898,0,0,1,1,1,0,0,0,1,0,0,1,0,0,1,1,1,1,1,0,0
15901,0,0,0,0,0,1,0,1,1,1,0,0,0,0,0,0,0,0,0,1,1
15907,1,0,0,0,0,1,1,0,1,1,0,0,0,0,1,0,0,1,1,0,0
15910,0,1,0,0,1,0,0,0,1,1,0,0,1,1,0,1,0,1,1,0,1
15916,0,1,1,1,0,0,1,1,1,1,0,1,0,0,0,1,0,1,0,1,0
15919,1,1,0,0,1,1,1,1,1,1,0,0,1,0,0,0,1,0,1,0,0
15930,0,1,0,0,0,0,0,0,0,0,1,1,0,0,1,0,1,1,0,0,1
15932,0,1,1,1,0,1,1,1,0,1,1,1,1,0,1,0,0,1,1,0,1
15933,0,0,1,1,1,1,0,1,0,0,0,1,0,1,0,1,0,0,0,1,0
15950,1,1,0,0,0,0,0,1,1,0,1,0,0,1,0,1,0,1,0,1,1
15951,1,1,1,1,0,1,0,1,0,1,1,1,0,1,1,0,0,1,1,1,1
15952,0,1,1,0,0,1,0,1,1,0,1,1,1,1,0,0,0,0,0,1,1
15953,1,0,0,1,1,1,0,1,1,0,1,0,1,0,0,0,0,0,1,1,1
15955,0,1,1,0,0,1,1,1,1,1,0,0,1,1,1,0,1,1,0,0,0
15957,0,1,0,0,0,1,0,1,1,1,1,0,0,1,0,0,0,1,1,1,1
15963,1,0,1,0,0,0,1,0,1,1,0,0,1,1,0,1,1,1,1,0,0
15965,0,0,1,1,0,1,1,0,1,1,0,1,0,1,1,0,0,0,1,0,0
15971,1,1,1,1,1,0,1,0,0,0,0,1,1,0,0,0,0,1,0,1,0
15974,1,0,1,1,1,1,1,0,1,0,1,0,1,0,1,1,0,0,1,0,1
15981,1,1,0,0,1,0,1,1,1,0,1,1,0,1,0,1,0,1,0,0,0
15983,1,0,0,1,1,1,1,0,1,1,1,0,1,1,0,1,0,1,1,0,1
15986,1,1,0,0,1,0,1,0,1,1,1,1,0,1,0,0,0,1,0,1,1
15987,0,1,0,1,0,1,0,1,0,1,1,1,1,1,1,0,1,0,1,0,0
15988,1,1,0,0,0,0,0,0,0,1,0,0,0,0,1,1,0,1,1,0,1
15990,1,1,0,0,1,1,1,0,1,1,1,1,0,0,1,1,0,0,0,1,0
15992,0,0,1,1,0,0,0,1,1,0,0,1,0,1,1,0,0,0,0,0,1
15993,1,0,1,0,1,0,1,0,0,1,0,1,0,0,1,1,0,0,0,1,1
15998,0,0,1,0,1,1,0,0,0,1,0,0,0,0,0,0,1,1,1,1,1
16005,0,0,0,0,0,0,1,1,0,1,0,1,1,0,1,0,1,0,0,0,1
16007,1,1,0,1,0,1,1,1,0,1,1,1,1,0,0,1,0,0,0,0,0
16008,1,1,1,0,1,1,1,1,1,0,0,0,1,1,1,1,0,1,0,0,0
16012,1,0,0,1,1,0,1,0,0,0,0,1,1,0,1,0,0,0,1,1,0
16013,0,0,1,1,0,1,0,1,0,0,0,0,1,0,1,0,1,1,1,1,0
16015,1,1,1,1,0,0,1,1,1,1,1,0,0,0,0,1,0,1,1,0,1
16016,0,0,1,1,0,1,1,0,0,0,0,1,1,0,1,1,0,0,1,0,0
16020,1,0,1,0,1,0,0,1,0,1,0,1,0,1,1,1,0,1,0,1,1
16023,1,0,0,0,1,1,1,0,0,1,0,1,1,1,1,1,1,0,1,1,0
16024,0,1,1,0,0,1,1,1,1,1,1,0,0,1,1,0,1,0,0,1,0
16025,1,0,1,1,0,1,1,1,1,1,1,0,0,0,1,1,0,1,1,0,1
16029,0,0,1,1,0,0,1,0,1,0,0,0,0,0,1,1,1,0,0,0,0
16033,0,1,1,0,1,1,1,0,1,0,1,1,1,0,0,0,0,1,1,1,0
16040,1,0,0,0,0,0,1,0,0,0,0,0,0,0,0,1,0,0,0,0,0
16049,1,1,0,1,1,0,1,0,1,1,0,1,1,0,1,0,0,1,0,1,0
16052,1,0,1,0,1,0,1,1,0,1,1,1,0,1,1,0,0,1,0,0,0
16057,0,0,0,0,0,0,1,0,0,1,0,1,1,1,1,1,1,0,1,1,1
16070,1,0,1,0,0,0,1,1,0,1,1,1,0,1,1,0,1,1,1,0,1
16071,0,1,0,0,1,1,1,1,0,1,0,0,0,0,0,0,0,0,1,0,0
16076,1,0,0,1,0,0,1,0,1,0,1,0,1,0,0,1,0,0,1,1,0
16079,0,0,0,1,1,1,1,0,0,1,0,0,1,1,1,0,0,1,1,0,0
16081,1,1,0,1,0,0,0,1,0,0,1,0,1,0,0,0,0,0,1,1,0
16085,0,1,1,1,1,0,0,1,1,1,0,0,0,1,1,0,0,0,0,0,0
16086,1,1,0,0,1,0,1,1,0,1,1,0,0,1,0,1,0,0,0,0,0
16094,1,1,0,1,1,1,0,1,0,1,0,0,0,1,0,0,1,1,1,0,0
16101,0,1,1,0,1,1,1,0,1,1,0,1,1,1,0,0,0,0,0,0,0
16107,1,0,1,0,0,0,0,0,1,0,1,1,0,0,0,0,0,1,0,0,1
16110,0,0,0,0,0,0,1,0,1,1,1,1,0,1,1,0,0,1,1,1,1
16115,1,0,0,1,0,1,0,0,1,1,1,0,1,1,1,1,1,0,0,1,1
16121,0,1,1,0,1,1,0,1,1,1,0,1,1,0,1,0,1,1,1,1,0
16136,1,1,0,0,0,0,0,1,1,1,1,0,1,0,1,1,0,1,0,1,1
16140,1,0,1,0,0,0,0,1,0,1,0,1,1,1,1,1,0,0,1,0,0
16145,0,0,0,0,0,0,0,1,1,1,0,1,1,1,0,1,1,0,0,0,0
16150,0,0,1,0,1,1,0,0,0,0,1,1,0,1,0,1,1,1,0,1,1
16153,1,1,1,0,1,0,0,1,1,0,0,1,0,1,1,1,0,1,1,0,0
16161,1,1,1,0,0,0,0,0,0,0,0,1,0,1,1,1,1,0,1,1,1
16169,1,0,1,1,0,0,1,1,0,0,0,1,0,1,0,0,0,0,1,1,1
16173,1,0,0,1,0,0,1,1,1,1,1,0,1,0,1,1,0,0,0,0,1
16184,0,1,0,0,1,1,0,0,0,0,1,0,1,0,0,1,0,1,1,1,1
16185,0,0,0,0,1,0,1,1,1,1,0,0,1,0,1,1,1,1,0,1,1
16186,1,0,1,1,1,0,0,0,1,1,0,0,0,1,0,0,1,0,0,0,1
16187,0,1,1,0,1,1,1,1,1,0,0,0,1,1,1,1,1,0,0,1,0
16190,0,1,0,0,1,0,1,0,1,1,0,1,0,0,1,0,0,1,1,0,0
16191,1,0,1,1,0,1,1,0,0,1,1,0,0,0,1,1,0,0,1,0,0
16200,0,0,0,1,1,0,0,0,1,1,0,0,0,1,1,1,1,0,1,1,1
16201,0,0,1,1,1,1,1,1,0,1,0,0,1,1,1,0,0,0,1,1,0
16205,0,0,0,0,1,0,1,0,0,1,1,0,1,0,1,0,0,1,0,1,0
16207,1,0,1,0,0,1,1,1,0,1,0,1,1,0,1,0,1,1,1,1,1
16210,0,0,0,0,1,1,0,1,1,1,0,0,1,0,0,0,0,1,1,0,0
16218,0,1,0,0,1,1,1,1,1,1,1,1,1,0,1,1,0,1,1,0,0
16232,0,1,0,1,0,1,1,1,0,1,1,0,1,1,1,1,0,1,0,0,0
16235,1,0,0,1,0,1,1,0,0,1,1,0,1,1,0,0,0,1,1,1,0
16240,0,1,0,0,1,0,0,1,0,0,1,0,1,1,0,0,1,1,1,1,0
16241,0,1,0,0,1,1,1,1,0,1,1,0,0,1,0,0,0,0,1,1,0
16242,1,0,0,0,0,1,0,1,0,0,1,0,0,1,0,1,1,0,1,0,0
16245,0,0,1,0,1,1,1,1,0,1,0,0,0,0,0,0,0,0,1,1,0
16249,1,1,1,0,0,1,0,1,1,0,1,1,0,1,1,0,0,1,0,1,0
16255,0,1,0,0,1,0,1,1,0,0,1,0,0,0,0,0,1,0,0,1,1
16258,0,1,1,1,1,0,0,0,1,1,0,0,1,1,0,1,1,0,0,0,0
16261,1,0,0,0,0,0,0,1,1,1,0,1,0,1,0,0,0,1,1,0,1
16265,1,1,1,1,1,1,1,1,1,1,1,1,1,0,0,0,1,1,1,0,0
16271,0,1,0,0,0,0,1,1,0,1,0,1,1,1,1,1,0,0,1,1,1
16279,0,0,1,0,0,0,0,0,0,1,1,0,0,0,1,1,0,1,1,0,0
16283,0,0,0,0,1,1,1,0,0,0,0,1,1,0,1,0,1,0,0,1,0
16284,0,0,1,1,1,0,1,1,0,0,1,0,0,1,0,1,0,1,0,0,0
16295,0,0,1,0,0,1,0,1,0,1,1,1,1,1,0,0,0,0,1,1,0
16298,1,0,0,1,0,1,1,0,0,1,0,1,1,1,1,0,1,0,0,0,0
16303,0,1,1,0,0,1,0,1,1,0,1,1,0,0,0,0,1,1,1,0,0
16311,1,1,0,0,0,0,0,1,0,0,0,1,1,0,0,0,1,0,1,1,0
16313,1,1,0,1,1,1,1,0,0,1,0,1,0,1,0,0,1,1,0,0,1
16316,1,1,1,0,1,1,1,1,1,1,0,0,0,0,0,0,1,0,0,1,0
16318,0,0,1,0,1,1,0,0,1,0,0,0,1,0,0,1,0,0,0,0,0
16325,1,1,0,1,1,1,1,0,0,1,1,1,0,0,0,1,1,1,0,0,1
16326,0,1,0,1,0,0,1,1,1,0,1,1,1,0,1,1,0,1,1,1,1
16327,1,0,1,1,0,0,1,1,0,0,0,0,0,1,0,0,0,0,1,0,0
16341,1,0,0,0,1,0,0,1,1,1,1,1,0,0,1,1,1,0,1,0,1
16345,1,0,0,0,1,1,0,1,1,1,1,0,0,0,0,0,1,1,0,0,0
16347,1,1,1,0,0,0,1,0,0,1,1,1,1,1,1,1,0,0,0,1,1
16350,1,1,0,1,1,1,0,1,0,1,1,0,0,0,1,0,0,0,1,0,0
16353,0,0,1,1,0,0,1,0,1,0,1,0,0,1,0,0,0,0,1,1,0
16358,0,0,0,0,0,0,1,1,1,0,0,1,0,0,1,0,0,1,0,0,1
16360,0,1,0,1,1,1,1,1,1,1,0,0,0,1,1,1,0,1,1,0,1
16361,1,1,1,1,1,1,1,0,0,0,1,1,1,1,0,0,0,0,0,1,0
16366,0,1,0,0,0,1,1,1,1,0,0,1,0,0,1,1,1,0,0,1,0
16367,0,1,0,0,0,1,1,0,1,0,1,1,1,0,1,0,1,0,1,1,0
16368,1,0,0,1,1,0,1,0,0,1,1,1,1,0,1,1,1,1,0,0,1
16372,1,0,1,0,1,1,1,0,0,0,0,1,0,1,1,1,1,1,1,1,1
16374,1,1,0,1,1,0,1,0,1,0,0,1,0,0,0,1,1,1,0,1,0
16376,0,0,1,0,0,1,0,1,0,1,0,1,0,0,0,0,1,1,0,1,0
16379,0,1,0,1,0,1,1,1,1,0,0,1,1,0,0,0,1,1,1,1,0
16386,1,1,0,1,1,0,0,1,0,0,0,1,0,1,0,0,0,1,1,1,1
16393,0,0,0,0,0,1,1,0,1,0,0,1,1,0,1,0,1,0,1,1,1
16395,1,0,1,1,0,0,1,0,1,0,1,1,0,0,0,0,1,0,0,0,0
16399,0,0,1,0,1,0,1,1,1,1,0,1,0,0,1,1,0,0,1,1,0
16401,0,1,0,1,0,0,0,1,0,1,1,1,0,0,0,1,1,1,1,1,0
16406,1,0,0,0,0,0,1,1,1,1,1,1,1,1,1,0,0,1,1,1,0
16407,0,0,1,1,1,1,1,1,0,1,0,0,0,0,0,0,0,1,1,0,0
16409,1,0,1,1,0,0,0,0,0,0,1,1,0,1,0,1,0,1,1,1,1
16412,1,1,1,1,0,0,1,1,0,1,1,1,0,0,0,0,0,0,1,0,1
16416,0,0,0,0,1,0,1,0,0,1,1,0,1,1,0,1,0,1,0,0,1
16422,0,0,0,0,1,1,1,0,1,1,1,1,1,1,0,1,1,0,0,0,0
16426,0,0,1,0,1,0,1,1,0,1,1,0,0,0,1,1,1,1,1,0,1
16432,1,1,1,1,0,1,0,0,0,1,1,1,0,0,1,1,1,1,1,0,1
16438,0,1,0,0,0,1,0,0,0,0,0,1,1,0,0,0,0,0,0,1,1
16440,1,0,0,0,1,1,0,1,1,1,1,0,0,1,1,1,0,0,0,1,0
16444,0,0,1,0,0,0,0,1,0,0,1,1,0,0,0,0,1,0,1,0,0
16445,0,0,1,0,1,0,0,1,0,0,0,1,0,1,1,0,1,0,1,1,0
16458,1,0,0,1,1,1,1,1,0,0,0,1,1,1,0,1,0,0,0,1,0
16463,1,0,0,1,0,1,1,1,1,1,1,0,0,0,0,1,1,0,0,1,1
16464,1,0,0,1,0,0,0,1,0,0,1,1,1,0,0,1,1,0,1,1,0
16466,0,1,0,1,1,1,0,0,0,1,0,0,0,1,1,0,1,0,1,0,1
16469,1,1,0,0,1,1,0,1,0,1,0,1,1,0,0,1,1,1,1,1,0
16474,1,1,0,1,1,1,0,0,1,1,0,1,1,0,0,1,0,1,1,0,1
16477,1,0,0,1,0,1,1,1,0,0,1,0,1,0,0,0,0,0,0,0,0
16478,1,1,0,1,1,1,1,1,1,0,0,0,0,0,0,1,0,0,1,0,1
16479,0,0,0,0,0,1,0,1,0,1,0,0,1,0,1,0,0,1,1,1,1
16491,1,0,1,0,0,1,1,1,1,0,0,0,1,1,0,0,1,0,1,1,0
16504,1,0,1,0,0,0,0,0,0,0,1,0,1,0,1,0,0,1,0,1,0
16513,1,1,1,1,1,1,0,1,1,1,0,1,1,1,0,1,1,1,1,1,0
16515,1,1,1,1,0,1,1,0,0,1,0,1,0,1,0,1,1,1,0,1,0
16523,0,0,0,1,0,0,0,0,1,0,1,1,1,0,1,0,0,0,0,0,0
16525,1,1,0,0,0,1,1,1,0,0,1,1,1,0,0,0,0,1,1,1,1
16533,0,1,0,1,1,1,0,0,0,1,1,0,1,0,1,1,1,0,1,1,0
16549,1,0,1,1,1,1,0,1,0,0,0,1,1,0,1,0,1,0,0,1,0
16554,1,0,0,0,1,0,1,0,0,1,0,0,1,1,1,1,1,1,1,0,0
16556,0,0,0,0,0,0,1,0,0,0,1,0,0,0,0,1,0,1,0,1,0
16557,1,0,1,0,0,1,1,1,1,1,1,0,1,1,1,0,1,1,1,0,0
16563,1,0,0,0,0,0,0,1,0,0,1,0,1,1,1,1,1,0,1,0,0
16570,1,1,0,1,1,0,1,1,1,1,1,1,1,1,1,1,1,1,1,0,1
16571,1,0,0,1,1,1,1,0,1,1,1,0,0,0,0,0,1,1,0,0,1
16591,0,0,1,1,0,1,0,0,1,1,1,0,1,0,1,1,1,0,1,0,0
16592,1,0,1,0,1,0,0,0,0,0,1,1,0,1,1,1,0,0,0,1,0
16595,0,0,1,1,0,0,0,0,1,0,1,1,1,1,0,0,0,1,1,1,0
16602,0,1,1,1,1,0,0,0,0,1,1,1,1,0,0,1,1,0,0,0,0
16609,1,1,1,1,1,0,1,1,1,1,0,1,1,1,0,0,0,0,0,0,0
16612,0,0,1,0,1,0,1,1,0,0,1,1,0,1,1,1,0,1,0,1,0
16616,1,1,1,0,0,1,0,0,0,1,1,0,0,0,0,0,1,0,0,0,1
16618,1,1,0,1,1,0,0,1,1,0,0,0,1,1,0,1,1,1,0,1,0
16620,1,1,0,1,0,1,0,1,0,1,0,1,0,1,0,1,1,1,1,1,1
16626,0,1,0,0,1,1,0,1,1,0,0,0,1,1,1,0,1,0,0,1,1
16628,1,1,1,0,0,0,0,0,1,1,1,0,1,1,0,0,1,0,1,0,1
16633,0,0,0,1,0,1,0,0,1,0,1,1,0,1,1,0,1,1,1,0,1
16639,1,0,0,0,1,0,1,0,0,0,0,0,1,0,1,0,1,0,1,0,0
16648,0,1,0,0,0,1,0,0,0,1,0,1,1,0,0,0,1,0,1,0,1
16652,1,1,0,0,1,0,1,1,0,1,1,0,0,0,1,0,0,0,0,1,0
16655,1,0,0,0,1,1,1,1,0,1,1,1,1,1,1,0,1,1,0,1,0
16656,1,0,1,0,1,0,0,1,0,0,1,1,0,1,0,0,1,0,0,1,0
16657,1,1,1,0,0,1,1,1,0,0,0,1,0,0,0,1,0,0,1,1,0
16667,0,1,1,1,0,1,0,1,1,0,0,0,1,0,1,1,1,1,0,0,0
16668,1,1,1,0,1,1,1,0,1,0,0,1,1,1,1,1,0,0,1,1,0
16669,0,1,0,0,1,1,0,1,1,0,0,0,1,1,1,0,0,1,0,1,0
16674,0,0,1,0,1,0,0,1,1,1,1,1,1,0,1,1,0,0,0,1,1
16684,0,0,0,1,1,1,0,0,1,1,0,1,0,0,1,1,1,1,1,1,0
16685,0,1,1,1,1,0,1,0,0,0,0,1,0,1,0,0,0,0,0,0,1
16686,0,0,1,1,1,0,1,0,0,1,1,1,1,0,1,1,0,0,0,0,0
16700,1,0,1,1,0,0,0,1,0,1,0,1,1,1,1,0,0,0,1,1,0
16705,1,1,0,0,0,1,0,1,0,0,0,1,0,0,1,0,1,0,0,0,0
16706,0,0,1,1,0,0,0,1,0,0,1,1,1,1,0,1,1,0,1,1,1
16708,1,1,0,1,0,0,0,1,1,0,1,1,1,0,0,1,1,0,0,1,1
16713,1,0,0,0,0,1,1,1,1,0,1,0,0,0,0,1,0,1,1,1,0
16717,0,1,1,0,0,1,1,1,0,0,1,0,0,0,0,1,0,1,1,1,1
16719,0,0,1,0,1,0,1,1,1,0,1,1,0,1,1,1,0,0,0,1,1
16720,1,1,1,0,1,0,1,0,1,0,0,1,0,1,0,1,1,1,1,0,0
16722,1,0,0,1,0,0,0,1,0,1,1,1,1,1,1,0,1,0,0,0,1
16726,1,0,1,1,0,1,0,1,1,1,0,0,1,0,0,1,0,1,0,1,0
16728,1,0,1,1,0,1,1,1,1,0,1,1,0,0,0,1,1,0,1,0,0
16729,1,0,0,0,1,0,1,1,0,1,1,1,1,0,1,1,0,1,1,0,1
16743,1,0,0,0,1,0,0,1,1,0,1,1,1,1,1,1,1,0,1,0,0
16744,0,1,1,0,0,0,1,1,0,0,0,0,0,0,0,1,1,1,0,0,1
16747,1,1,1,1,1,0,1,0,1,0,1,0,0,1,1,1,0,1,0,0,1
16748,1,1,1,0,0,0,1,0,1,1,0,0,1,1,1,1,1,1,0,1,0
16750,0,0,1,1,0,1,0,1,0,0,1,1,1,1,1,0,1,1,0,0,1
16751,1,1,0,0,1,0,1,1,1,1,0,0,1,0,1,0,1,0,0,0,1
16759,1,0,1,0,0,1,1,1,0,1,0,1,1,1,0,0,0,0,0,0,1
16762,1,1,1,0,0,0,1,1,1,0,0,1,1,0,1,0,1,0,1,0,1
16764,1,0,0,0,0,0,0,1,0,1,0,0,1,0,1,0,1,0,0,0,1
16767,0,1,0,0,0,0,0,0,0,0,0,1,1,1,1,1,0,1,1,0,1
16768,0,1,0,1,0,0,1,1,1,0,1,1,0,0,0,0,0,1,0,1,1
16770,0,0,0,1,1,0,1,0,1,0,1,0,1,1,1,0,0,0,1,0,1
16773,1,1,1,0,0,1,0,1,0,0,1,0,0,1,0,1,1,1,0,1,0
16775,1,1,1,1,0,1,0,0,1,0,0,0,1,0,1,0,0,1,0,1,1
16776,1,0,0,0,1,1,1,0,0,1,1,1,0,0,1,1,1,1,1,1,1
16779,1,1,0,0,1,1,0,0,0,1,0,1,0,1,1,1,0,0,1,0,1
16782,0,0,0,0,0,1,0,0,0,0,1,1,0,1,1,0,1,0,0,0,0
16789,1,0,0,1,1,1,0,0,1,0,0,1,1,0,0,0,1,0,1,0,1
16790,0,1,0,0,0,0,0,0,0,1,1,1,1,0,1,1,1,1,0,0,0
16791,1,1,0,1,1,1,0,1,0,1,1,1,0,0,0,0,0,0,1,0,1
16794,0,1,1,0,0,0,0,0,0,0,1,1,1,0,1,0,1,1,1,1,0
16800,0,0,1,0,1,0,0,1,0,1,1,1,0,0,1,0,1,0,1,0,0
16804,1,1,0,1,0,1,0,0,0,1,0,0,0,1,1,0,0,0,0,0,0
16809,1,0,1,0,0,1,1,0,1,0,0,0,1,0,1,0,1,1,0,1,1
16811,0,1,1,0,1,0,1,0,1,1,1,0,0,0,0,1,0,1,0,1,0
16813,1,1,0,0,1,0,0,1,0,0,1,1,0,1,1,0,1,0,1,0,1
16814,1,0,1,1,1,1,1,1,1,0,0,0,0,1,0,0,0,1,0,1,1
16826,1,0,0,1,0,0,1,1,1,1,1,1,1,0,0,1,1,1,0,0,1
16830,1,1,0,0,1,1,0,1,0,0,0,1,0,1,1,0,0,1,0,0,0
16833,0,1,1,1,1,1,1,1,1,1,0,1,0,0,1,1,0,1,1,0,0
16837,1,1,0,0,0,0,0,0,0,0,0,1,0,1,1,1,1,1,0,0,1
16839,0,0,1,1,0,0,1,1,0,1,0,0,1,0,0,0,0,1,0,0,1
16841,1,0,0,0,1,1,0,1,0,0,1,0,1,1,1,1,1,0,0,0,1
16843,1,1,1,1,0,0,0,0,1,1,0,0,1,0,1,0,0,0,0,1,0
16848,1,0,1,0,0,0,1,0,0,0,1,0,0,1,0,1,1,0,1,1,1
16851,1,1,1,1,0,0,1,1,0,0,0,0,0,1,1,0,0,0,0,1,1
16855,0,1,0,0,0,0,0,1,1,1,0,1,1,0,1,1,0,0,0,1,1
16863,1,1,0,0,1,1,1,1,1,1,1,1,1,1,0,1,0,1,1,0,1
16869,0,0,0,1,1,1,1,1,0,1,1,1,1,1,0,0,0,1,1,1,1
16875,0,1,1,0,0,1,0,0,1,1,0,1,0,0,1,0,1,1,0,0,0
16884,0,1,0,1,0,1,0,1,1,1,0,0,0,1,1,0,0,1,0,0,0
16885,1,0,0,0,0,1,1,1,0,0,0,1,0,1,1,0,1,0,0,0,0
16887,0,1,1,1,0,0,1,0,1,1,0,1,1,0,0,0,0,1,0,0,1
16891,1,0,0,0,0,0,1,1,1,0,1,1,1,1,0,0,1,1,0,0,1
16892,1,1,0,1,1,0,1,0,1,0,0,1,1,1,0,1,0,1,1,1,0
16895,1,1,0,0,0,1,0,1,1,0,1,1,0,1,0,1,1,1,1,0,1
16898,1,0,1,0,0,1,1,1,0,1,1,1,1,1,0,1,0,1,1,0,1
16899,0,0,0,1,0,1,0,0,0,1,1,0,1,1,0,1,0,0,1,0,0
16900,1,1,0,0,1,0,0,1,0,1,0,0,1,0,0,1,1,0,0,0,1
16903,1,0,1,1,0,1,0,0,1,0,1,1,1,1,0,0,1,0,0,0,1
16904,1,1,0,1,0,0,0,0,1,1,1,1,1,0,0,0,0,1,1,0,0
16905,1,0,1,1,0,1,0,0,1,1,1,0,1,1,0,0,0,1,1,1,1
16910,0,0,1,0,0,0,1,1,0,0,0,1,0,1,1,1,1,0,0,1,1
16914,1,0,0,1,1,0,1,1,0,0,1,0,1,1,0,0,0,0,1,1,0
16916,1,1,1,1,0,0,1,1,0,1,0,0,1,1,0,0,0,1,1,1,1
16918,1,0,1,0,0,1,0,0,0,1,1,1,1,1,0,1,1,0,1,0,0
16921,0,0,1,1,1,0,0,0,1,0,0,1,1,1,1,1,0,1,1,0,1
16923,0,1,1,1,1,0,0,0,0,1,1,1,0,1,0,1,1,0,0,0,1
16924,0,0,1,1,1,1,0,0,0,1,0,1,0,0,1,0,1,0,0,1,0
16929,0,1,1,0,0,1,1,0,1,1,1,0,0,0,0,1,1,1,1,0,1
16930,0,0,1,0,0,1,0,1,1,1,1,0,0,0,0,1,0,1,0,1,1
16931,1,0,1,1,0,0,1,1,0,1,1,1,1,0,1,1,0,0,0,1,0
16932,0,1,0,1,1,0,1,1,1,1,1,0,1,0,1,0,0,1,0,1,0
16934,1,0,0,0,0,0,0,1,1,0,1,1,0,0,0,0,1,0,1,1,0
16936,1,0,1,0,0,0,1,0,0,1,0,0,1,0,0,1,0,0,0,0,1
16940,0,1,1,0,1,0,0,1,1,0,0,1,0,1,0,0,1,1,1,1,1
16942,1,1,0,1,0,0,1,1,0,0,1,1,0,1,1,1,0,1,1,1,1
16945,0,0,1,1,1,1,1,1,0,0,0,0,1,1,0,0,1,0,1,0,0
16949,0,0,1,0,0,0,1,0,0,1,1,0,1,1,0,0,1,1,1,0,1
16950,1,1,0,1,0,1,1,0,0,0,0,1,1,0,0,1,0,0,1,0,1
16953,0,1,1,1,0,0,1,1,0,1,0,0,0,0,1,1,0,1,1,0,1
16960,0,0,1,0,1,0,1,0,0,0,1,0,0,0,0,0,1,1,1,0,1
16971,1,1,1,0,1,0,1,0,1,1,1,0,1,1,1,0,1,0,1,1,0
16979,0,0,1,0,1,0,1,1,1,1,1,0,1,0,1,0,0,1,0,0,0
16985,0,0,0,1,1,0,0,1,0,1,0,1,0,0,1,0,0,1,1,0,1
16986,0,1,0,0,1,0,1,1,1,0,1,0,1,0,0,1,1,0,1,0,0
16988,1,0,1,0,1,1,1,1,0,0,0,1,1,0,0,0,0,0,1,1,1
16992,0,0,0,0,0,1,1,1,1,1,1,0,0,1,1,0,1,1,0,1,1
16996,1,0,0,1,0,0,0,1,1,1,1,1,1,0,1,1,1,0,1,0,1
17001,0,0,1,0,0,1,0,1,1,1,1,0,0,1,0,1,1,0,0,0,0
17010,0,0,1,1,0,0,1,0,1,1,0,1,1,1,1,1,1,1,1,1,1
17011,1,1,1,0,1,0,1,1,0,1,1,1,1,0,0,1,0,0,1,1,1
17014,0,1,1,0,0,0,0,0,1,0,1,1,0,0,0,0,1,1,0,0,1
17017,1,1,0,0,1,0,0,1,1,0,1,1,1,0,0,1,0,1,1,0,0
17019,0,1,0,0,0,0,1,0,1,0,1,1,0,1,0,1,1,0,1,0,1
17022,0,0,0,1,0,1,0,1,1,1,1,1,1,0,0,1,0,1,1,1,1
17025,1,1,1,1,1,0,1,1,1,0,0,0,1,0,0,0,0,1,0,0,0
17031,1,0,1,1,1,0,1,0,1,0,0,1,1,1,1,1,0,1,0,0,1
17034,1,1,0,1,1,0,0,1,0,1,1,1,1,0,0,1,0,1,0,1,1
17038,1,0,0,1,1,0,0,0,0,0,1,0,1,0,0,0,1,0,1,0,1
17043,1,0,0,1,0,0,0,0,1,0,1,1,1,0,0,0,0,0,0,0,0
17049,0,0,1,0,0,1,0,1,1,0,1,0,1,0,1,0,0,0,1,1,1
17052,0,1,1,1,1,1,1,1,0,0,1,1,0,1,1,1,1,1,0,0,0
17059,1,1,1,1,1,0,1,0,0,0,1,1,0,0,0,1,0,0,1,0,1
17063,1,0,0,0,0,1,0,0,1,1,0,0,1,0,0,1,0,0,1,1,0
17068,1,1,1,1,1,1,0,0,1,1,1,0,0,0,1,0,0,1,0,1,1
17069,0,0,1,0,0,1,1,0,0,1,1,1,1,1,1,1,0,1,0,1,0
17076,0,1,0,1,1,0,0,0,1,0,1,0,0,1,1,0,1,0,0,1,1
17081,0,0,0,0,0,1,1,0,1,0,0,0,1,0,1,1,1,1,1,1,1
17082,0,0,1,0,0,1,0,1,1,1,1,0,0,1,1,0,1,0,1,1,1
17086,0,0,0,0,1,1,1,1,0,1,1,1,1,0,1,0,0,0,1,1,1
17088,0,1,0,0,0,1,1,1,1,1,0,1,1,0,1,0,1,1,1,1,1
17090,0,1,1,0,1,1,0,1,0,1,0,0,0,1,0,1,1,0,0,1,0
17091,0,0,0,1,1,1,1,1,0,1,1,1,1,1,1,1,1,0,0,0,0
17092,0,1,0,1,0,0,1,1,1,1,1,0,0,0,1,1,1,1,0,1,0
17095,1,1,0,0,1,1,1,0,1,0,0,1,1,1,0,0,0,0,1,0,1
17096,1,1,1,0,0,0,0,1,1,0,0,1,0,0,0,0,0,0,1,1,1
17097,0,1,1,1,0,1,1,1,0,0,1,0,0,1,1,0,0,1,1,0,1
17100,1,1,0,0,1,0,0,1,1,1,0,1,0,1,0,1,1,1,0,1,1
17101,0,1,0,1,0,1,0,1,0,1,1,0,0,0,1,0,1,1,1,1,1
17107,0,0,0,0,0,1,1,1,0,0,0,1,1,0,1,1,0,0,0,0,1
17111,1,1,1,1,1,1,0,1,1,1,1,1,0,0,1,1,1,0,0,1,0
17115,0,1,1,1,1,0,1,0,1,0,0,0,1,1,0,1,1,1,1,1,1
17119,0,1,0,0,1,0,1,0,1,1,0,0,0,1,0,0,1,0,1,1,1
17125,1,1,1,1,1,1,1,0,0,1,1,0,0,0,0,1,0,1,1,1,1
17131,0,0,0,1,1,0,1,0,0,0,0,1,0,0,0,1,0,0,0,0,1
17135,1,0,1,1,1,0,1,1,0,1,1,1,1,0,0,0,1,1,1,1,0
17139,0,1,0,1,1,1,1,0,0,1,1,1,0,0,0,0,1,1,1,1,0
17148,1,0,1,0,1,0,1,1,0,1,1,1,1,1,0,1,0,0,0,1,1
17153,1,1,0,1,0,1,0,0,1,1,1,0,0,1,0,0,0,1,0,0,0
17158,0,1,0,1,0,0,0,0,0,1,1,0,0,1,0,0,0,0,0,1,1
17159,0,1,1,1,1,0,1,0,1,1,0,0,1,1,0,0,1,0,0,1,0
17160,1,0,1,1,0,1,0,0,0,0,0,1,1,0,0,0,0,1,1,1,0
17164,1,1,1,0,1,0,0,0,1,1,1,0,1,0,1,1,0,1,0,1,1
17169,0,0,0,0,0,1,1,0,0,0,0,0,0,0,1,0,1,0,0,0,1
17173,0,1,0,1,1,0,0,0,0,1,1,0,1,0,1,1,1,0,1,0,1
17183,0,0,0,1,0,0,0,1,1,1,1,0,0,0,0,1,0,1,0,1,1
17186,0,1,0,1,1,1,1,1,1,0,1,1,1,0,0,0,1,0,0,0,0
17190,1,1,1,1,0,1,0,1,1,1,1,1,0,0,1,0,1,0,1,1,0
17191,1,0,1,1,0,0,0,1,0,1,0,1,1,0,1,1,1,0,0,0,0
17203,1,1,1,1,1,0,1,1,0,1,0,1,1,1,1,0,1,0,1,0,0
17211,0,1,0,1,0,0,1,1,1,0,1,0,1,0,0,1,0,0,0,0,1
17220,1,0,0,0,1,1,1,1,1,1,0,0,0,1,0,0,0,0,0,0,0
17222,1,0,1,0,1,1,0,0,0,0,1,0,1,0,0,1,0,1,1,1,0
17227,0,0,0,1,0,1,1,0,1,1,0,0,1,1,1,0,0,1,1,0,1
17228,0,0,1,0,0,1,1,1,1,0,1,0,0,0,0,1,1,0,1,0,1
17231,1,1,0,0,0,0,1,0,1,1,0,1,1,1,1,0,0,1,1,0,1
17236,0,0,1,1,1,0,1,0,1,0,0,1,1,0,0,1,1,1,1,0,0
17238,0,1,0,1,1,1,1,0,1,0,1,0,0,0,0,0,1,0,1,1,0
17243,1,0,0,0,0,0,1,1,1,1,1,0,0,0,0,1,0,0,0,0,0
17247,0,0,0,0,1,1,1,0,1,0,1,1,0,0,1,1,0,1,1,1,0
17253,1,0,1,0,1,0,0,0,1,1,1,1,1,1,1,1,1,1,0,0,0
17254,0,0,0,1,0,1,0,0,1,0,0,1,1,0,0,1,0,1,0,1,1
17266,1,0,0,0,1,1,1,1,0,0,1,1,1,1,0,0,0,0,0,1,1
17272,0,0,1,1,0,0,1,0,0,0,0,0,1,0,1,1,0,1,0,1,0
17284,1,1,0,0,1,1,1,0,0,0,0,1,1,0,1,0,0,1,1,1,0
17287,1,0,1,1,1,1,1,0,1,0,1,0,0,0,1,1,1,1,0,0,0
17289,1,1,1,1,1,1,0,1,1,1,0,0,0,0,0,0,0,1,1,0,1
17290,1,1,0,1,0,0,1,0,1,1,1,0,0,0,0,0,0,0,0,0,1
17293,1,1,0,1,1,1,0,0,1,0,0,1,1,0,1,0,1,0,1,1,0
17295,1,0,1,1,0,1,1,1,0,1,0,1,1,1,1,1,0,0,1,0,0
17301,1,0,1,0,1,1,0,0,1,0,0,0,0,1,0,1,0,0,0,1,0
17302,1,1,0,0,1,0,0,0,0,0,1,0,1,0,0,0,0,0,0,1,0
17314,1,0,1,0,1,0,0,1,1,1,1,0,0,0,1,0,0,1,1,1,1
17315,1,0,0,0,1,0,0,0,0,0,1,0,1,1,1,1,0,1,0,1,1
17323,1,0,1,1,0,0,0,1,1,1,1,0,1,1,1,0,1,0,1,0,1
17324,1,1,0,0,0,1,1,0,0,0,0,0,0,1,0,1,1,0,1,1,1
17338,0,1,0,1,1,0,0,1,1,1,0,0,0,1,0,1,1,0,1,1,0
17340,1,1,0,0,1,1,1,1,0,1,1,0,1,0,0,1,0,0,1,1,0
17344,1,1,1,0,1,0,1,1,0,1,1,1,0,1,0,1,0,1,1,1,0
17345,1,0,0,0,1,1,1,0,0,0,0,0,0,0,1,1,0,0,1,1,0
17346,1,0,1,0,0,0,1,0,1,0,1,1,0,0,0,0,0,1,0,0,0
17348,0,1,1,1,1,1,1,1,0,1,1,1,1,0,0,1,1,1,1,0,0
17361,0,0,0,0,0,0,1,0,0,0,0,0,1,0,0,0,0,1,0,0,0
17364,0,0,0,1,0,0,0,1,1,1,0,0,1,0,0,0,0,0,0,1,0
17371,1,0,1,0,1,1,0,0,0,0,0,1,0,1,0,0,0,1,0,0,1
17373,1,0,1,1,1,1,0,1,0,1,0,1,1,0,1,1,1,1,0,1,1
17377,0,1,1,0,1,1,1,1,0,1,1,0,1,1,1,0,1,0,1,0,1
17379,1,1,0,1,0,0,1,1,0,0,0,0,0,0,1,0,0,0,1,0,0
17381,1,0,0,1,0,0,1,0,0,0,0,0,1,1,1,0,1,1,0,0,0
17384,1,1,0,1,1,1,1,0,1,1,0,0,1,0,0,0,1,1,1,0,0
17386,1,0,0,1,1,0,0,0,0,1,1,0,1,1,0,0,1,0,1,0,0
17387,1,1,0,1,1,1,0,0,1,0,1,0,0,0,1,0,0,0,0,0,1
17389,1,1,1,1,0,0,1,0,1,0,1,1,1,0,0,0,0,0,0,1,1
17397,0,1,1,0,1,0,1,1,0,0,1,0,1,0,1,1,1,0,0,1,1
17402,0,1,0,0,1,0,0,1,1,1,1,0,0,0,1,1,0,1,1,1,0
17403,1,1,0,0,0,1,1,1,1,1,1,1,0,1,1,0,0,1,1,1,0
17404,0,0,0,0,1,1,0,1,0,1,0,0,1,1,1,0,0,1,1,0,1
17410,0,0,0,1,1,1,0,1,0,0,1,0,1,1,0,1,0,0,1,1,0
17412,1,1,1,1,0,1,1,1,1,0,0,0,0,1,0,1,1,1,1,1,0
17416,1,0,1,1,0,0,0,1,0,0,1,1,0,0,0,1,0,0,1,0,1
17418,0,1,1,1,1,0,0,1,1,0,1,0,1,1,0,1,1,0,0,0,1
17419,0,1,1,1,1,1,1,1,0,1,0,1,1,0,0,1,1,1,1,0,1
17425,1,0,0,1,1,0,0,1,0,1,1,1,0,1,0,0,0,1,0,1,0
17426,0,0,1,0,1,1,0,0,0,0,1,0,1,0,1,0,1,1,0,0,0
17430,1,0,1,1,0,1,1,1,0,0,1,0,1,1,1,1,1,1,0,0,1
17434,0,0,1,0,0,0,0,1,1,0,1,1,0,0,0,1,0,0,1,0,0
17447,1,0,0,1,1,1,0,1,1,0,1,0,0,1,0,0,1,0,0,0,1
17449,0,1,0,0,1,1,1,0,1,0,1,1,1,0,1,0,1,0,1,1,0
17450,1,1,0,0,0,1,1,1,0,1,0,0,1,1,1,1,1,1,0,1,0
17451,0,0,0,1,0,0,0,0,0,0,0,1,1,1,0,1,0,1,1,1,1
17458,1,1,1,1,0,0,1,0,1,0,1,0,1,1,0,0,0,0,0,0,0
17459,1,0,0,1,0,0,0,0,1,0,1,0,0,1,0,0,1,0,0,0,0
17461,1,1,1,1,1,0,1,1,0,0,1,0,0,0,0,1,0,1,0,1,1
17463,0,1,0,0,1,0,0,1,1,1,0,1,1,1,0,1,0,1,0,0,1
17466,0,1,0,1,1,1,1,0,1,0,0,1,0,0,0,1,1,1,1,1,0
17469,1,1,0,0,0,0,0,1,0,1,1,1,0,1,0,0,1,0,0,0,1
17470,1,0,1,0,0,1,1,1,1,0,1,1,1,1,0,1,1,0,1,0,0
17481,1,0,1,1,0,0,0,0,0,1,1,1,0,0,0,1,1,1,1,0,0
17491,1,0,1,0,0,1,0,1,1,0,0,1,1,1,1,0,0,1,1,1,1
17495,1,1,0,0,1,0,1,1,1,0,1,0,0,1,1,0,0,0,0,1,1
17509,1,1,1,1,1,1,0,0,0,1,0,0,0,0,0,0,0,0,0,0,1
17510,1,0,1,0,0,0,0,0,1,0,1,0,0,1,0,1,1,0,0,0,1
17511,1,0,1,0,1,1,0,0,0,0,0,0,0,0,1,0,1,1,0,1,1
17512,1,1,0,1,1,0,0,1,0,1,0,1,0,0,0,0,0,0,0,1,1
17516,0,1,1,1,0,0,0,1,0,1,1,1,0,1,1,1,1,0,1,1,0
17519,0,1,1,0,0,0,0,1,1,1,0,1,1,0,1,1,1,0,0,0,0
17520,1,0,1,1,1,0,1,0,1,1,1,0,0,1,0,0,1,1,0,1,1
17521,0,0,1,0,1,0,0,0,0,1,1,0,1,0,1,1,0,0,1,0,1
17522,1,0,0,0,0,0,1,1,1,0,1,0,0,1,1,0,0,1,0,0,1
17526,0,1,0,1,1,1,1,0,1,1,1,1,0,1,1,1,0,0,0,1,1
17528,0,0,1,1,0,0,1,0,0,1,1,0,0,0,1,0,1,1,0,1,1
17530,0,1,1,1,1,1,0,1,1,0,0,1,1,0,0,0,0,1,1,1,0
17540,0,1,1,0,0,1,0,0,1,0,1,0,1,0,1,0,1,1,0,1,0
17545,1,0,1,0,0,1,1,0,0,1,1,1,1,0,0,1,0,0,1,1,0
17552,1,1,1,1,0,0,0,1,0,1,1,0,0,1,1,1,0,0,1,1,1
17555,0,0,1,0,0,0,1,0,1,1,1,0,1,0,1,1,1,0,0,1,0
17562,1,0,0,1,0,1,0,1,1,0,0,0,0,1,0,1,1,0,1,1,0
17566,1,1,1,0,1,0,0,0,0,1,1,1,0,1,0,0,1,1,0,1,0
17567,0,1,0,1,0,1,1,1,1,1,1,1,0,1,1,0,0,0,0,0,0
17571,1,1,0,0,1,1,0,0,1,1,0,1,1,0,0,1,0,0,0,1,1
17573,0,0,1,1,1,0,1,1,0,0,1,1,1,0,1,1,1,1,0,1,1
17576,1,0,0,1,0,0,1,1,0,1,0,1,1,1,0,0,0,0,0,0,0
17581,0,1,0,1,1,1,1,1,1,1,0,0,1,0,0,0,1,0,0,0,1
17589,1,0,1,1,0,1,0,0,0,1,1,1,1,1,0,0,0,1,1,0,1
17590,1,0,0,0,0,0,0,1,1,1,0,0,0,1,0,0,1,1,0,1,0
17593,0,0,1,1,1,0,0,0,1,0,1,0,0,1,0,0,0,1,0,1,0
17596,0,1,1,1,1,0,1,0,1,0,1,1,1,0,1,0,0,0,1,0,1
17600,1,0,0,0,0,1,0,0,0,1,1,1,1,0,1,1,0,0,0,0,1
17602,0,1,1,0,0,0,1,0,1,1,1,1,0,0,1,0,0,1,0,1,0
17609,1,1,0,0,0,1,0,1,0,0,0,0,0,0,0,0,0,1,1,0,0
17613,0,0,1,1,1,0,1,0,1,0,0,0,1,1,0,0,0,0,1,0,1
17614,1,0,0,1,1,0,1,1,1,1,0,1,1,1,0,0,0,0,1,1,0
17625,0,0,0,1,0,1,0,1,0,0,1,1,1,1,1,1,0,1,0,1,1
17629,1,1,1,1,0,0,0,0,0,0,0,1,1,0,1,0,1,1,0,1,0
17633,1,0,0,1,0,1,0,1,1,1,1,1,1,0,0,1,1,1,1,1,1
17634,1,0,0,0,0,1,0,1,1,0,0,0,1,1,1,1,0,1,1,0,0
17636,1,1,0,1,1,1,1,0,0,1,1,0,1,1,0,0,1,0,0,0,1
17644,1,1,0,1,0,0,0,0,0,0,1,0,0,0,1,1,0,1,1,1,0
17650,0,0,1,1,0,1,1,1,0,0,1,0,0,0,1,1,1,1,1,0,0
17651,0,0,1,1,0,0,0,1,0,1,1,1,1,0,0,1,0,0,0,0,1
17652,1,1,0,1,0,1,0,0,1,0,0,1,1,1,1,1,1,0,0,0,1
17653,0,1,1,0,0,1,1,1,0,0,1,1,1,0,0,1,0,0,1,0,1
17655,0,0,0,0,0,0,0,0,0,0,1,1,1,1,0,0,1,0,0,0,0
17659,0,0,0,1,0,1,1,0,1,0,0,0,0,1,0,1,0,0,1,0,1
17663,1,0,1,1,1,0,1,1,1,0,0,1,0,0,0,1,1,0,1,0,1
17667,1,0,0,1,1,1,0,1,1,0,1,0,0,1,1,0,1,1,1,1,0
17671,1,0,0,0,1,1,1,0,1,1,1,1,1,0,0,0,0,1,1,1,0
17672,0,1,1,1,1,1,0,0,0,1,0,1,1,1,0,0,0,0,0,0,0
17673,1,0,1,0,0,1,0,0,0,1,1,1,1,1,0,1,0,0,1,1,0
17675,0,0,0,1,1,1,1,0,0,0,1,0,0,1,0,1,0,1,0,0,0
17676,0,0,0,1,1,1,0,0,1,1,1,0,1,0,1,0,1,1,0,1,0
17677,0,1,1,0,0,1,0,1,0,1,0,1,0,1,0,0,1,0,1,1,1
17682,0,0,1,1,1,1,0,0,0,1,0,0,0,1,0,0,1,0,1,0,1
17685,1,1,0,0,1,1,0,1,1,0,0,1,1,1,0,1,0,1,0,0,0
17686,1,1,0,0,1,0,0,0,0,0,0,1,0,1,1,1,0,1,1,0,0
17690,1,0,1,1,0,0,1,1,1,0,0,1,0,1,0,0,0,0,0,1,1
17700,1,0,0,0,1,0,1,1,1,1,1,1,0,0,1,1,0,1,1,0,1
17702,1,0,0,1,1,1,1,0,0,1,0,1,1,1,1,0,0,1,1,1,0
17703,1,0,1,0,0,1,0,1,0,0,1,0,0,1,0,1,1,0,0,1,1
17705,0,1,1,0,1,0,1,1,1,0,0,1,0,1,0,0,0,1,1,1,0
17706,0,0,1,0,1,1,1,1,1,1,1,1,1,0,1,0,0,1,0,0,0
17716,0,0,0,1,0,1,1,0,0,1,1,0,0,0,1,1,1,0,1,0,1
17720,0,1,0,0,1,0,1,1,1,1,0,0,0,0,1,1,0,1,0,0,0
17727,0,0,1,1,0,1,0,1,0,1,1,1,0,1,1,1,1,1,1,1,0
17728,0,1,0,0,1,1,1,1,0,1,0,0,0,1,1,0,1,0,0,0,1
17735,0,0,1,0,0,1,0,1,1,0,1,1,1,1,0,0,1,1,1,1,1
17737,0,1,0,1,0,0,1,0,1,1,1,0,0,0,0,0,1,1,1,0,0
17738,1,1,1,0,1,0,0,0,0,1,0,1,1,0,0,1,1,0,1,0,1
17754,1,0,0,1,1,1,1,0,0,1,1,0,1,0,1,0,1,0,0,1,1
17757,0,0,1,0,1,1,0,0,1,1,0,1,0,1,0,1,1,1,0,1,1
17764,1,1,1,0,1,1,0,1,1,0,1,1,0,1,0,1,1,1,0,1,0
17767,1,1,0,1,1,1,1,0,0,0,1,1,1,0,1,0,1,1,0,1,0
17768,1,0,1,1,1,1,1,0,0,1,0,0,1,1,0,1,0,0,0,0,1
17769,0,1,1,1,0,1,0,1,1,1,0,1,0,0,1,0,1,1,1,0,1
17777,0,1,0,1,1,0,0,0,0,1,1,1,1,0,0,1,1,0,1,0,0
17779,1,0,0,0,1,1,0,1,0,0,0,1,1,0,0,0,0,0,1,1,1
17790,1,1,0,0,0,1,0,0,1,0,1,1,1,1,0,0,0,1,1,1,1
17791,1,0,1,1,0,0,0,1,1,1,0,0,1,1,1,0,0,0,0,0,1
17793,0,0,0,1,0,0,0,1,0,0,1,0,1,0,1,1,0,0,0,0,1
17797,1,0,0,0,0,0,0,1,1,0,0,1,1,0,0,0,1,0,1,0,1
17799,1,1,0,1,1,0,0,0,1,1,1,0,1,0,0,1,1,0,0,0,1
17811,1,0,1,0,1,1,0,1,1,1,1,0,0,0,1,1,0,0,1,0,1
17812,1,1,1,0,1,0,0,1,0,0,1,0,0,1,1,1,1,0,1,1,1
17813,0,1,0,0,0,0,0,0,1,1,1,1,0,0,0,0,1,1,0,0,0
17824,0,0,0,1,0,1,1,0,0,0,1,1,1,1,0,0,0,0,1,1,0
17827,0,0,0,1,0,0,0,1,1,0,0,1,0,0,1,0,0,1,1,0,0
17830,0,1,1,0,1,0,0,0,1,1,1,0,1,0,1,0,0,1,0,1,0
17835,0,1,1,1,1,0,0,0,1,1,0,1,1,1,1,0,0,1,0,1,0
17837,1,1,1,0,0,1,1,0,1,0,0,1,0,1,0,0,1,1,1,0,1
17838,0,1,0,1,1,1,1,1,0,0,1,1,1,0,0,1,1,1,0,1,1
17839,0,1,0,0,1,0,0,1,0,1,1,0,1,0,1,0,0,1,0,0,1
17841,1,1,1,1,0,0,0,0,1,0,1,1,1,0,0,1,1,1,0,1,1
17852,0,0,0,0,0,1,0,0,0,0,0,1,0,1,1,0,1,1,0,1,0
17858,0,1,1,0,1,0,1,0,0,0,0,0,0,0,1,0,1,0,0,1,0
17861,1,1,1,0,0,1,0,0,1,1,0,1,0,0,0,1,0,1,0,0,0
17865,0,0,0,1,0,1,1,0,0,1,0,1,1,0,1,0,0,0,1,1,1
17870,1,1,1,0,0,0,1,0,1,1,1,1,1,1,1,1,0,0,0,0,0
17883,1,0,0,1,1,0,0,0,1,0,0,0,0,1,1,1,0,0,1,0,1
17884,1,1,0,0,1,0,1,1,1,0,1,0,0,1,1,1,1,1,1,1,0
17895,0,0,1,0,0,1,0,1,1,1,1,0,1,0,0,1,1,0,0,0,1
17911,1,1,0,1,1,1,0,1,1,1,0,0,0,0,1,0,1,0,1,0,0
17913,1,0,0,1,0,0,0,0,0,1,1,0,1,1,0,1,0,1,1,1,1
17920,0,1,1,0,1,1,0,0,1,1,0,0,1,0,0,1,0,0,0,1,1
17921,1,1,0,0,0,1,1,1,1,1,1,0,0,0,0,1,1,1,0,1,0
17932,0,1,1,1,0,1,1,0,0,0,0,1,0,1,1,0,1,0,1,1,1
17936,0,0,0,1,1,0,1,0,0,1,1,1,0,0,0,0,1,1,0,0,1
17947,1,1,0,0,1,0,1,0,0,0,0,1,0,0,0,1,1,0,1,1,0
17949,0,1,0,1,0,1,1,0,1,1,1,0,0,0,0,0,1,1,1,0,0
17954,0,0,0,1,0,1,1,1,1,1,1,0,0,0,0,1,0,0,0,1,0
17961,0,0,0,1,1,0,0,1,0,1,1,0,1,1,0,0,0,1,0,1,1
17974,1,1,1,1,1,0,1,1,1,1,0,1,1,1,1,1,1,1,0,1,0
17975,1,0,0,0,0,1,0,1,1,0,1,0,0,0,1,0,1,0,0,0,1
17979,0,0,0,0,1,1,0,0,0,1,0,0,1,0,1,1,0,1,0,0,0
17999,0,1,1,1,0,1,0,1,1,1,0,1,1,1,0,0,0,0,1,0,1
18001,0,0,1,0,1,0,0,0,0,0,1,0,1,1,0,1,1,1,0,1,1
18005,1,0,1,1,1,1,0,0,1,1,0,1,0,0,0,1,0,1,0,0,1
18014,0,0,1,1,1,1,1,0,0,1,0,0,1,1,0,1,1,0,0,0,0
18016,0,1,0,1,0,1,0,1,0,1,1,0,1,0,0,1,1,0,1,1,0
18022,1,0,0,0,0,1,1,0,0,1,0,0,1,1,0,0,0,1,0,0,0
18033,1,1,1,1,1,0,0,1,1,1,1,0,0,1,1,0,1,1,0,1,1
18035,0,1,1,1,0,0,1,0,1,0,1,1,0,1,0,1,1,0,1,1,1
18036,0,0,0,0,0,1,0,1,1,1,1,0,1,1,1,0,0,0,1,0,1
18040,0,1,1,0,0,1,1,0,0,0,0,0,0,1,1,1,0,1,0,0,0
18041,1,1,0,0,0,0,1,0,1,0,1,0,0,1,0,1,1,0,0,0,1
18045,0,0,0,1,0,1,0,0,0,0,0,0,0,1,1,0,1,1,1,1,1
18053,1,1,0,1,1,1,1,0,1,1,0,0,0,0,0,0,0,1,0,1,0
18055,0,1,1,0,0,0,1,0,0,0,1,1,1,1,0,1,0,0,1,1,1
18058,0,0,1,1,0,0,1,0,0,1,0,0,1,1,1,1,1,1,0,0,0
18059,1,0,1,1,0,0,0,0,1,1,0,0,1,1,1,1,1,0,0,1,1
18067,1,0,1,0,1,0,0,1,1,0,0,1,1,1,0,1,0,0,0,0,0
18069,0,0,0,1,0,0,0,0,0,1,0,1,0,1,1,0,1,0,0,0,0
18075,1,1,1,0,0,1,0,1,0,1,0,1,0,0,0,0,0,0,0,0,0
18079,0,1,0,1,1,1,1,1,0,0,0,0,0,0,0,0,1,1,1,1,1
18082,1,1,0,1,1,1,0,0,1,1,0,0,1,0,0,0,1,1,0,1,1
18088,1,0,0,0,1,0,1,0,1,0,1,0,0,1,1,1,0,1,0,1,0
18096,0,0,0,1,1,1,0,1,0,0,1,0,0,0,0,1,1,1,0,0,1
18097,1,0,0,0,0,0,1,1,1,0,1,1,1,0,0,1,1,0,1,0,1
18109,1,0,0,0,0,0,0,0,0,1,1,0,0,0,0,0,1,1,1,1,1
18116,0,0,0,0,0,1,1,0,0,1,1,0,1,1,0,1,0,0,1,0,0
18117,0,0,1,0,0,0,1,1,1,0,1,0,1,1,1,1,1,1,0,0,1
18118,0,1,0,1,1,0,1,1,0,1,1,1,0,1,1,1,1,1,0,1,1
18122,0,1,1,1,1,0,1,0,1,0,0,0,0,0,1,0,0,1,1,0,1
18123,0,0,1,0,1,0,1,0,0,0,0,1,0,1,1,1,0,0,0,1,0
18125,1,0,1,0,0,0,0,1,1,0,0,1,1,0,0,1,0,0,1,0,0
18126,0,1,1,0,1,0,1,0,1,0,0,0,1,1,0,1,0,0,0,1,0
18127,1,1,0,1,0,0,1,0,0,0,1,1,0,1,1,1,1,1,1,0,0
18130,0,1,0,0,1,0,1,0,0,1,1,0,1,0,0,0,1,0,0,0,1
18139,0,1,1,0,0,1,0,1,0,1,0,1,0,0,1,0,1,0,0,1,0
18144,1,1,1,1,0,0,0,0,0,1,0,1,1,0,1,0,1,0,1,1,0
18149,1,0,0,1,1,0,1,0,1,1,0,0,0,1,0,0,1,1,1,1,0
18154,1,1,1,1,1,1,1,0,1,0,0,1,0,1,1,1,0,1,1,0,1
18156,0,1,0,1,0,1,0,0,1,1,0,1,1,0,1,1,1,0,0,1,0
18158,0,0,0,0,1,1,1,1,1,0,0,0,0,1,0,1,0,1,0,1,0
18161,1,1,1,1,0,1,0,1,1,0,0,0,0,0,1,1,1,1,1,1,0
18164,0,0,0,0,1,0,0,0,0,0,1,0,1,1,1,1,1,0,1,1,1
18167,1,1,0,1,0,1,1,0,1,1,0,1,0,1,0,1,0,0,0,0,0
18172,0,0,1,1,0,0,0,1,1,1,0,1,0,1,0,1,0,1,1,1,1
18174,0,0,1,1,0,0,1,0,1,1,1,0,0,0,0,1,0,0,0,0,0
18177,1,0,1,1,1,0,0,0,0,0,0,0,0,0,1,0,1,0,0,1,0
18180,1,0,1,0,1,0,1,1,1,0,1,0,0,0,1,1,1,1,0,1,1
18181,0,1,1,1,1,0,1,1,0,0,0,1,1,1,1,0,0,0,1,1,1
18188,0,1,0,1,1,0,1,0,1,0,0,1,1,0,0,0,0,0,1,0,1
18198,1,0,1,1,1,1,0,1,0,1,0,1,1,0,1,1,1,0,1,0,0
18210,1,1,0,1,0,1,0,1,1,1,1,1,0,1,1,1,0,0,0,0,1
18211,0,0,1,1,0,1,0,1,1,0,0,1,1,0,1,1,1,1,0,0,1
18216,1,1,0,0,1,1,0,0,0,0,1,1,0,0,1,1,1,0,0,1,0
18219,0,1,1,1,0,0,0,0,0,0,0,0,1,0,1,1,1,1,0,1,0
18223,1,1,1,1,0,1,0,0,0,0,0,0,0,1,0,0,0,1,1,0,1
18225,0,1,1,1,1,1,0,1,0,1,0,0,0,0,0,0,1,1,0,0,1
18226,0,1,1,0,1,0,1,1,1,1,0,0,0,0,0,1,0,1,0,1,0
18229,1,1,1,0,1,0,1,1,1,0,1,0,0,0,0,0,0,1,0,0,0
18230,0,1,1,1,0,1,0,1,0,1,1,0,1,1,0,0,1,0,0,0,0
18252,0,1,1,0,1,0,0,1,1,0,0,1,0,1,0,0,1,0,1,1,0
18257,0,1,0,0,1,0,1,0,0,1,1,1,0,0,0,1,1,1,1,1,1
18263,1,0,0,0,1,0,1,1,0,0,1,0,0,1,1,0,0,0,1,0,0
18272,0,1,1,0,0,1,1,1,1,0,0,1,1,1,1,0,0,1,1,0,0
18277,1,1,0,0,1,0,1,1,1,0,1,1,0,0,1,1,0,0,1,1,1
18283,1,0,1,1,0,0,1,0,0,1,1,1,0,0,1,0,0,0,0,0,1